,"Pref Vendor","Reorder Pt (Min)","Max","On Hand","On Sales Order","For Assemblies","Available","Order","On PO","Reorder Qty","Next Deliv","Sales/Week"
"Inventory",,,,,,,,,,,,
"CS3-B09",,"","",0,0,0,0,,0,0,,0
"CS3-B12",,"","",0,0,0,0,,0,0,,0
"CS3-B15",,"","",0,0,0,0,,0,0,,0
"CS3-B18",,"","",0,0,0,0,,0,0,,0
"CS3-B21-2DOOR",,"","",0,0,0,0,,0,0,,0
"CS3-B24",,"","",0,0,0,0,,0,0,,0
"CS3-B27",,"","",0,0,0,0,,0,0,,0
"CS3-B30",,"","",0,0,0,0,,0,0,,0
"CS3-B33",,"","",0,0,0,0,,0,0,,0
"CS3-B36",,"","",0,0,0,0,,0,0,,0
"CS3-BBC36",,"","",0,0,0,0,,0,0,,0
"CS3-BBC42",,"","",0,0,0,0,,0,0,,0
"CS3-BEA12-L",,"","",0,0,0,0,,0,0,,0
"CS3-BEA12-R",,"","",0,0,0,0,,0,0,,0
"CS3-BEA2424",,"","",0,0,0,0,,0,0,,0
"CS3-BEOS6",,"","",0,0,0,0,,0,0,,0
"CS3-BEOS9",,"","",0,0,0,0,,0,0,,0
"CS3-BF3",,"","",0,0,0,0,,0,0,,0
"CS3-BF6",,"","",0,0,0,0,,0,0,,0
"CS3-BMB",,"","",26,0,0,26,,0,0,,0
"CS3-BRP2430",,"","",0,0,0,0,,0,0,,0
"CS3-BSR9",,"","",0,0,0,0,,0,0,,0
"CS3-CM2 3/4",,"","",0,0,0,0,,0,0,,0
"CS3-CM8-W/D",,"","",0,0,0,0,,0,0,,0
"CS3-DB12",,"","",0,0,0,0,,0,0,,0
"CS3-DB15",,"","",0,0,0,0,,0,0,,0
"CS3-DB18",,"","",0,0,0,0,,0,0,,0
"CS3-DB21",,"","",0,0,0,0,,0,0,,0
"CS3-DB24",,"","",0,0,0,0,,0,0,,0
"CS3-DWP",,"","",0,0,0,0,,0,0,,0
"CS3-GW1530-BOX",,"","",0,0,0,0,,0,0,,0
"CS3-GW1530-GLASS DOOR",,"","",0,0,0,0,,0,0,,0
"CS3-GW1539-BOX",,"","",0,0,0,0,,0,0,,0
"CS3-GW1539-GLASS DOOR",,"","",0,0,0,0,,0,0,,0
"CS3-GW1830-BOX",,"","",0,0,0,0,,0,0,,0
"CS3-GW1830-GLASS DOOR",,"","",0,0,0,0,,0,0,,0
"CS3-GW1839-BOX",,"","",0,0,0,0,,0,0,,0
"CS3-GW1839-GLASS DOOR",,"","",0,0,0,0,,0,0,,0
"CS3-GW2430-BOX",,"","",0,0,0,0,,0,0,,0
"CS3-GW2430-GLASS DOOR",,"","",0,0,0,0,,0,0,,0
"CS3-GW2439-BOX",,"","",0,0,0,0,,0,0,,0
"CS3-GW2439-GLASS DOOR",,"","",0,0,0,0,,0,0,,0
"CS3-GW3030-BOX",,"","",0,0,0,0,,0,0,,0
"CS3-GW3030-GLASS DOOR",,"","",0,0,0,0,,0,0,,0
"CS3-GW3039-BOX",,"","",0,0,0,0,,0,0,,0
"CS3-GW3039-GLASS DOOR",,"","",0,0,0,0,,0,0,,0
"CS3-GW3630-BOX",,"","",0,0,0,0,,0,0,,0
"CS3-GW3630-GLASS DOOR",,"","",0,0,0,0,,0,0,,0
"CS3-GW3639-BOX",,"","",0,0,0,0,,0,0,,0
"CS3-GW3639-GLASS DOOR",,"","",0,0,0,0,,0,0,,0
"CS3-GWDC2430-BOX",,"","",0,0,0,0,,0,0,,0
"CS3-GWDC2430-GLASS DOOR",,"","",0,0,0,0,,0,0,,0
"CS3-GWDC2439-BOX",,"","",0,0,0,0,,0,0,,0
"CS3-GWDC2439-GLASS DOOR",,"","",0,0,0,0,,0,0,,0
"CS3-LSB33",,"","",0,0,0,0,,0,0,,0
"CS3-LSB36",,"","",0,0,0,0,,0,0,,0
"CS3-MWC2730",,"","",0,0,0,0,,0,0,,0
"CS3-MWC2739",,"","",0,0,0,0,,0,0,,0
"CS3-MWC3030",,"","",0,0,0,0,,0,0,,0
"CS3-MWC3039",,"","",0,0,0,0,,0,0,,0
"CS3-OCM8",,"","",0,0,0,0,,0,0,,0
"CS3-PC1884",,"","",0,0,0,0,,0,0,,0
"CS3-PC1893",,"","",0,0,0,0,,0,0,,0
"CS3-PC2484",,"","",0,0,0,0,,0,0,,0
"CS3-PC2493",,"","",0,0,0,0,,0,0,,0
"CS3-PN4896 1/4D",,"","",0,0,0,0,,0,0,,0
"CS3-PRC3018",,"","",0,0,0,0,,0,0,,0
"CS3-RC58",,"","",0,0,0,0,,0,0,,0
"CS3-REF24*96",,"","",0,0,0,0,,0,0,,0
"CS3-ROT18",,"","",0,0,0,0,,0,0,,0
"CS3-ROT24",,"","",0,0,0,0,,0,0,,0
"CS3-ROT30",,"","",0,0,0,0,,0,0,,0
"CS3-SAMPLE DOOR",,"","",0,0,0,0,,0,0,,0
"CS3-SB30",,"","",0,0,0,0,,0,0,,0
"CS3-SB33",,"","",0,0,0,0,,0,0,,0
"CS3-SB36",,"","",0,0,0,0,,0,0,,0
"CS3-SBA36",,"","",0,0,0,0,,0,0,,0
"CS3-SHG30",,"","",0,0,0,0,,0,0,,0
"CS3-SM8",,"","",0,0,0,0,,0,0,,0
"CS3-SP3*34.5",,"","",1,0,0,1,,0,0,,0
"CS3-TK",,"","",-2,0,0,-2,,0,0,,0
"CS3-TOUCH UP",,"","",2,0,0,2,,0,0,,0
"CS3-VA2421",,"","",0,0,0,0,,0,0,,0
"CS3-VA3021",,"","",0,0,0,0,,0,0,,0
"CS3-VA3621",,"","",0,0,0,0,,0,0,,0
"CS3-VAD3021-L",,"","",0,0,0,0,,0,0,,0
"CS3-VAD3021-R",,"","",0,0,0,0,,0,0,,0
"CS3-VAD3621-L",,"","",0,0,0,0,,0,0,,0
"CS3-VAD3621-R",,"","",0,0,0,0,,0,0,,0
"CS3-VAD4821",,"","",0,0,0,0,,0,0,,0
"CS3-VAS36",,"","",0,0,0,0,,0,0,,0
"CS3-VAS48",,"","",0,0,0,0,,0,0,,0
"CS3-VAS72",,"","",0,0,0,0,,0,0,,0
"CS3-W0930",,"","",0,0,0,0,,0,0,,0
"CS3-W0939",,"","",0,0,0,0,,0,0,,0
"CS3-W1230",,"","",0,0,0,0,,0,0,,0
"CS3-W1239",,"","",0,0,0,0,,0,0,,0
"CS3-W1530",,"","",0,0,0,0,,0,0,,0
"CS3-W1539",,"","",0,0,0,0,,0,0,,0
"CS3-W1830",,"","",0,0,0,0,,0,0,,0
"CS3-W1839",,"","",0,0,0,0,,0,0,,0
"CS3-W2130-2DOOR",,"","",0,0,0,0,,0,0,,0
"CS3-W2139-2DOOR",,"","",0,0,0,0,,0,0,,0
"CS3-W2412",,"","",0,0,0,0,,0,0,,0
"CS3-W2415",,"","",0,0,0,0,,0,0,,0
"CS3-W2418",,"","",0,0,0,0,,0,0,,0
"CS3-W2421",,"","",0,0,0,0,,0,0,,0
"CS3-W2424",,"","",0,0,0,0,,0,0,,0
"CS3-W2430",,"","",0,0,0,0,,0,0,,0
"CS3-W2439",,"","",0,0,0,0,,0,0,,0
"CS3-W2730",,"","",0,0,0,0,,0,0,,0
"CS3-W2739",,"","",0,0,0,0,,0,0,,0
"CS3-W3012",,"","",0,0,0,0,,0,0,,0
"CS3-W301224",,"","",0,0,0,0,,0,0,,0
"CS3-W3015",,"","",0,0,0,0,,0,0,,0
"CS3-W301524",,"","",0,0,0,0,,0,0,,0
"CS3-W3018",,"","",0,0,0,0,,0,0,,0
"CS3-W301824",,"","",0,0,0,0,,0,0,,0
"CS3-W3021",,"","",0,0,0,0,,0,0,,0
"CS3-W302124",,"","",0,0,0,0,,0,0,,0
"CS3-W3024",,"","",0,0,0,0,,0,0,,0
"CS3-W302424",,"","",0,0,0,0,,0,0,,0
"CS3-W3030",,"","",0,0,0,0,,0,0,,0
"CS3-W3039",,"","",0,0,0,0,,0,0,,0
"CS3-W3312",,"","",0,0,0,0,,0,0,,0
"CS3-W331224",,"","",0,0,0,0,,0,0,,0
"CS3-W3315",,"","",0,0,0,0,,0,0,,0
"CS3-W331524",,"","",0,0,0,0,,0,0,,0
"CS3-W3318",,"","",0,0,0,0,,0,0,,0
"CS3-W3321",,"","",0,0,0,0,,0,0,,0
"CS3-W332124",,"","",0,0,0,0,,0,0,,0
"CS3-W3324",,"","",0,0,0,0,,0,0,,0
"CS3-W332424",,"","",0,0,0,0,,0,0,,0
"CS3-W3330",,"","",0,0,0,0,,0,0,,0
"CS3-W3339",,"","",0,0,0,0,,0,0,,0
"CS3-W3612",,"","",0,0,0,0,,0,0,,0
"CS3-W361224",,"","",0,0,0,0,,0,0,,0
"CS3-W3615",,"","",0,0,0,0,,0,0,,0
"CS3-W361524",,"","",0,0,0,0,,0,0,,0
"CS3-W3618",,"","",0,0,0,0,,0,0,,0
"CS3-W361824",,"","",0,0,0,0,,0,0,,0
"CS3-W3621",,"","",0,0,0,0,,0,0,,0
"CS3-W362124",,"","",0,0,0,0,,0,0,,0
"CS3-W3624",,"","",0,0,0,0,,0,0,,0
"CS3-W362424",,"","",0,0,0,0,,0,0,,0
"CS3-W3630",,"","",0,0,0,0,,0,0,,0
"CS3-W3639",,"","",0,0,0,0,,0,0,,0
"CS3-WBC2730",,"","",0,0,0,0,,0,0,,0
"CS3-WBC2739",,"","",0,0,0,0,,0,0,,0
"CS3-WDC2430",,"","",0,0,0,0,,0,0,,0
"CS3-WDC2439",,"","",0,0,0,0,,0,0,,0
"CS3-WEA1230",,"","",0,0,0,0,,0,0,,0
"CS3-WEA1239",,"","",0,0,0,0,,0,0,,0
"CS3-WES630",,"","",0,0,0,0,,0,0,,0
"CS3-WES639",,"","",0,0,0,0,,0,0,,0
"CS3-WES930",,"","",0,0,0,0,,0,0,,0
"CS3-WES930-L",,"","",0,0,0,0,,0,0,,0
"CS3-WES930-R",,"","",0,0,0,0,,0,0,,0
"CS3-WES939",,"","",0,0,0,0,,0,0,,0
"CS3-WES939-L",,"","",0,0,0,0,,0,0,,0
"CS3-WES939-R",,"","",0,0,0,0,,0,0,,0
"CS3-WF330",,"","",0,0,0,0,,0,0,,0
"CS3-WF339",,"","",-4,0,0,-4,,0,0,,0
"CS3-WF396",,"","",0,0,0,0,,0,0,,0
"CS3-WF630",,"","",-7,0,0,-7,,0,0,,0
"CS3-WF639",,"","",-2,0,0,-2,,0,0,,0
"CS3-WF696",,"","",-1,0,0,-1,,0,0,,0
"CS3-WRC3018",,"","",0,0,0,0,,0,0,,0
"CS3-WRP1230",,"","",0,0,0,0,,0,0,,0
"CS3-WRP1239",,"","",0,0,0,0,,0,0,,0
"CW2-B09",,"","",15,0,0,15,,0,0,,0
"CW2-B12",,"","",15,0,0,15,,0,0,,7
"CW2-B15",,"","",11,0,0,11,,5,0,"03/08/2024",0
"CW2-B18",,"","",25,0,0,25,,0,0,,0
"CW2-B21",,"","",11,0,0,11,,4,0,"03/08/2024",0
"CW2-B24",,"","",28,0,0,28,,0,0,,0
"CW2-B27",,"","",16,0,0,16,,12,0,"07/24/2023",0
"CW2-B30",,"","",14,0,0,14,,19,0,"07/24/2023",0
"CW2-B33",,"","",9,0,0,9,,0,0,,0
"CW2-B36",,"","",8,0,0,8,,2,0,"12/12/2023",0
"CW2-BBC36",,"","",3,0,0,3,,3,0,"05/01/2023",0
"CW2-BBC42",,"","",6,0,0,6,,0,0,,0
"CW2-BBM",,"","",12,0,0,12,,4,0,"05/01/2023",0
"CW2-BEA12-L",,"","",5,0,0,5,,2,0,"07/24/2023",0
"CW2-BEA12-R",,"","",2,0,0,2,,0,0,,0
"CW2-BEA2424",,"","",9,0,0,9,,3,0,"07/24/2023",0
"CW2-BEOS6",,"","",4,0,0,4,,0,0,,0
"CW2-BEOS9",,"","",3,0,0,3,,2,0,"07/24/2023",0
"CW2-BF3",,"","",37,0,0,37,,10,0,"12/12/2023",0
"CW2-BF6",,"","",12,0,0,12,,0,0,,0
"CW2-BFF3",,"","",15,0,0,15,,0,0,,0
"CW2-BMC30",,"","",7,0,0,7,,0,0,,0
"CW2-BRP2430",,"","",32,0,0,32,,0,0,,0
"CW2-BSR9",,"","",12,0,0,12,,0,0,,0
"CW2-CM2 3/4",,"","",37,0,0,37,,20,0,"07/24/2023",0
"CW2-CM8",,"","",69,0,0,69,,20,0,"07/24/2023",7
"CW2-DB12",,"","",4,0,0,4,,0,0,,7
"CW2-DB15",,"","",5,0,0,5,,3,0,"07/24/2023",0
"CW2-DB18",,"","",4,0,0,4,,0,0,,0
"CW2-DB21",,"","",4,0,0,4,,0,0,,0
"CW2-DB24",,"","",8,0,0,8,,0,0,,0
"CW2-DB30",,"","",4,0,0,4,,0,0,,0
"CW2-DB36",,"","",3,0,0,3,,0,0,,0
"CW2-DDB30",,"","",3,0,0,3,,0,0,,0
"CW2-DDB36",,"","",2,0,0,2,,0,0,,0
"CW2-DWP",,"","",23,0,0,23,,10,0,"07/24/2023",7
"CW2-FSB33",,"","",1,0,0,1,,1,0,"03/08/2024",0
"CW2-FSB39",,"","",7,0,0,7,,0,0,,0
"CW2-GW1530-BOX",,"","",3,0,0,3,,0,0,,0
"CW2-GW1530-GLASS DOOR",,"","",2,0,0,2,,0,0,,0
"CW2-GW1539-BOX",,"","",3,0,0,3,,0,0,,0
"CW2-GW1539-GLASS DOOR",,"","",2,0,0,2,,0,0,,0
"CW2-GW1830-BOX",,"","",4,0,0,4,,0,0,,0
"CW2-GW1830-GLASS DOOR",,"","",7,0,0,7,,0,0,,0
"CW2-GW1839-BOX",,"","",3,0,0,3,,0,0,,0
"CW2-GW1839-GLASS DOOR",,"","",4,0,0,4,,0,0,,0
"CW2-GW2430-BOX",,"","",2,0,0,2,,0,0,,0
"CW2-GW2430-GLASS DOOR",,"","",4,0,0,4,,0,0,,0
"CW2-GW2439-BOX",,"","",3,0,0,3,,0,0,,0
"CW2-GW2439-GLASS DOOR",,"","",4,0,0,4,,2,0,"01/12/2024",0
"CW2-GW3030-BOX",,"","",2,0,0,2,,0,0,,0
"CW2-GW3030-GLASS DOOR",,"","",7,0,0,7,,0,0,,0
"CW2-GW3039-BOX",,"","",6,0,0,6,,0,0,,0
"CW2-GW3039-GLASS DOOR",,"","",4,0,0,4,,0,0,,0
"CW2-GW3630-BOX",,"","",2,0,0,2,,0,0,,0
"CW2-GW3630-GLASS DOOR",,"","",6,0,0,6,,4,0,"01/13/2024",0
"CW2-GW3639-BOX",,"","",5,0,0,5,,0,0,,0
"CW2-GW3639-GLASS DOOR",,"","",8,0,0,8,,0,0,,0
"CW2-GWDC2430-BOX",,"","",4,0,0,4,,0,0,,0
"CW2-GWDC2430-GLASS DOOR",,"","",3,0,0,3,,1,0,"10/06/2023",0
"CW2-GWDC2439-BOX",,"","",4,0,0,4,,0,0,,7
"CW2-GWDC2439-GLASS DOOR",,"","",3,0,0,3,,0,0,,0
"CW2-LM8",,"","",45,0,0,45,,0,0,,0
"CW2-LSB33",,"","",6,0,0,6,,6,0,"05/01/2023",0
"CW2-LSB36",,"","",14,0,0,14,,0,0,,7
"CW2-MWC2730",,"","",4,0,0,4,,0,0,,0
"CW2-MWC2739",,"","",3,0,0,3,,0,0,,0
"CW2-MWC3030",,"","",5,0,0,5,,1,0,"07/31/2023",0
"CW2-MWC3039",,"","",4,0,0,4,,1,0,"05/01/2023",0
"CW2-OC3384",,"","",1,0,0,1,,0,0,,0
"CW2-OC3393",,"","",6,0,0,6,,0,0,,0
"CW2-OCM8",,"","",19,0,0,19,,5,0,"07/24/2023",0
"CW2-ONL-RB3*3",,"","",15,0,0,15,,0,0,,0
"CW2-PC1884",,"","",7,0,0,7,,1,0,"08/04/2023",0
"CW2-PC1893",,"","",5,1,0,4,,5,0,"09/05/2023",0
"CW2-PC2484",,"","",6,0,0,6,,0,0,,0
"CW2-PC2493",,"","",7,0,0,7,,0,0,,0
"CW2-PC3084",,"","",4,0,0,4,,0,0,,0
"CW2-PC3093",,"","",8,0,0,8,,0,0,,0
"CW2-PN4896",,"","",13,0,0,13,,0,0,,0
"CW2-PRC3018",,"","",4,0,0,4,,0,0,,0
"CW2-RC58",,"","",6,0,0,6,,0,0,,0
"CW2-REF2496",,"","",37,0,0,37,,0,0,,0
"CW2-REF3096",,"","",8,0,0,8,,2,0,"03/04/2023",0
"CW2-ROT18",,"","",0,0,0,0,,0,0,,0
"CW2-ROT24",,"","",0,0,0,0,,0,0,,0
"CW2-ROT30",,"","",0,0,0,0,,0,0,,0
"CW2-ROT33",,"","",0,0,0,0,,0,0,,0
"CW2-ROT36",,"","",0,0,0,0,,0,0,,0
"CW2-SAMPLE DOOR",,"","",-1,0,0,-1,,60,0,"12/15/2023",0
"CW2-SB27",,"","",12,0,0,12,,0,0,,0
"CW2-SB30",,"","",12,0,0,12,,0,0,,7
"CW2-SB33",,"","",11,0,0,11,,0,0,,0
"CW2-SB36",,"","",8,0,0,8,,4,0,"03/08/2024",0
"CW2-SBA36",,"","",9,0,0,9,,0,0,,0
"CW2-SHG30",,"","",2,0,0,2,,0,0,,0
"CW2-SM8",,"","",21,0,0,21,,0,0,,0
"CW2-SOB",,"","",5,0,0,5,,0,0,,0
"CW2-SP3*34.5",,"","",32,0,0,32,,0,0,,0
"CW2-TK8",,"","",50,0,0,50,,4,0,"11/03/2023",14
"CW2-TOUCH UP",,"","",46,0,0,46,,0,0,,0
"CW2-VA2421",,"","",10,0,0,10,,0,0,,0
"CW2-VA3021",,"","",3,0,0,3,,0,0,,0
"CW2-VA3621",,"","",3,0,0,3,,1,0,"03/08/2024",0
"CW2-VAD3021-L",,"","",2,0,0,2,,0,0,,0
"CW2-VAD3021-R",,"","",3,0,0,3,,0,0,,0
"CW2-VAD3621-L",,"","",2,0,0,2,,0,0,,0
"CW2-VAD3621-R",,"","",2,0,0,2,,0,0,,0
"CW2-VAD4821",,"","",3,0,0,3,,0,0,,0
"CW2-VAS36",,"","",9,0,0,9,,5,0,"07/24/2023",0
"CW2-VAS48",,"","",7,0,0,7,,0,0,,0
"CW2-VAS72",,"","",10,0,0,10,,2,0,"12/12/2023",0
"CW2-VDB12",,"","",3,0,0,3,,0,0,,0
"CW2-VDB15",,"","",2,0,0,2,,0,0,,0
"CW2-W0930",,"","",8,0,0,8,,2,0,"03/08/2024",0
"CW2-W0939",,"","",11,0,0,11,,0,0,,0
"CW2-W1230",,"","",7,0,0,7,,0,0,,14
"CW2-W1239",,"","",10,0,0,10,,0,0,,0
"CW2-W1530",,"","",4,0,0,4,,2,0,"04/13/2023",0
"CW2-W1539",,"","",8,0,0,8,,4,0,"03/08/2024",0
"CW2-W1830",,"","",8,0,0,8,,5,0,"03/01/2024",0
"CW2-W1839",,"","",14,0,0,14,,0,0,,0
"CW2-W2130",,"","",6,0,0,6,,0,0,,0
"CW2-W2139",,"","",14,0,0,14,,0,0,,0
"CW2-W2412",,"","",-3,0,0,-3,,0,0,,14
"CW2-W2415",,"","",4,0,0,4,,0,0,,0
"CW2-W2418",,"","",2,0,0,2,,0,0,,0
"CW2-W2421",,"","",3,0,0,3,,0,0,,0
"CW2-W2424",,"","",4,0,0,4,,0,0,,0
"CW2-W2430",,"","",5,0,0,5,,3,0,"03/08/2024",14
"CW2-W2439",,"","",15,0,0,15,,0,0,,0
"CW2-W2730",,"","",6,0,0,6,,0,0,,0
"CW2-W2739",,"","",12,0,0,12,,0,0,,0
"CW2-W3012",,"","",27,0,0,27,,0,0,,14
"CW2-W301224",,"","",2,0,0,2,,0,0,,0
"CW2-W3015",,"","",6,0,0,6,,0,0,,7
"CW2-W301524",,"","",7,0,0,7,,0,0,,0
"CW2-W3018",,"","",7,0,0,7,,4,0,"04/19/2023",0
"CW2-W301824",,"","",6,0,0,6,,0,0,,0
"CW2-W3021",,"","",15,0,0,15,,1,0,"09/08/2023",0
"CW2-W302124",,"","",7,0,0,7,,0,0,,0
"CW2-W3024",,"","",7,0,0,7,,0,0,,7
"CW2-W302424",,"","",5,0,0,5,,0,0,,0
"CW2-W3030",,"","",11,0,0,11,,1,0,"03/20/2023",0
"CW2-W3039",,"","",9,0,0,9,,7,0,"09/05/2023",0
"CW2-W3312",,"","",2,0,0,2,,0,0,,0
"CW2-W331224",,"","",3,0,0,3,,0,0,,0
"CW2-W3315",,"","",5,0,0,5,,0,0,,0
"CW2-W331524",,"","",2,0,0,2,,0,0,,0
"CW2-W3318",,"","",3,0,0,3,,0,0,,0
"CW2-W3321",,"","",3,0,0,3,,0,0,,0
"CW2-W332124",,"","",4,0,0,4,,0,0,,0
"CW2-W3324",,"","",3,0,0,3,,0,0,,0
"CW2-W332424",,"","",4,0,0,4,,0,0,,0
"CW2-W3330",,"","",8,0,0,8,,0,0,,0
"CW2-W3339",,"","",4,0,0,4,,0,0,,0
"CW2-W3612",,"","",3,0,0,3,,2,0,"03/08/2024",0
"CW2-W361224",,"","",4,0,0,4,,0,0,,0
"CW2-W3615",,"","",3,0,0,3,,0,0,,0
"CW2-W361524",,"","",4,0,0,4,,0,0,,0
"CW2-W3618",,"","",5,0,0,5,,0,0,,0
"CW2-W361824",,"","",5,0,0,5,,0,0,,0
"CW2-W3621",,"","",7,0,0,7,,0,0,,0
"CW2-W362124",,"","",12,0,0,12,,11,0,"09/05/2023",0
"CW2-W3624",,"","",3,0,0,3,,0,0,,7
"CW2-W362424",,"","",5,0,0,5,,0,0,,0
"CW2-W3630",,"","",4,0,0,4,,0,0,,0
"CW2-W3639",,"","",8,0,0,8,,4,0,"03/08/2024",0
"CW2-WBC2730",,"","",2,0,0,2,,0,0,,0
"CW2-WBC2739",,"","",9,0,0,9,,0,0,,0
"CW2-WDC2430",,"","",7,0,0,7,,0,0,,0
"CW2-WDC2439",,"","",10,0,0,10,,1,0,"09/06/2023",0
"CW2-WEA1230",,"","",3,0,0,3,,0,0,,0
"CW2-WEA1239",,"","",5,0,0,5,,2,0,"10/14/2023",0
"CW2-WES630",,"","",6,0,0,6,,0,0,,0
"CW2-WES639",,"","",2,0,0,2,,1,0,"11/19/2022",0
"CW2-WES930",,"","",4,0,0,4,,0,0,,0
"CW2-WES939",,"","",5,0,0,5,,0,0,,0
"CW2-WF330",,"","",20,0,0,20,,0,0,,0
"CW2-WF339",,"","",27,0,0,27,,0,0,,7
"CW2-WF396",,"","",30,0,0,30,,6,0,"11/03/2023",0
"CW2-WF630",,"","",11,0,0,11,,0,0,,0
"CW2-WF639",,"","",17,0,0,17,,0,0,,0
"CW2-WF696",,"","",15,0,0,15,,1,0,"04/20/2023",0
"CW2-WFF330",,"","",55,0,0,55,,0,0,,0
"CW2-WFF339",,"","",41,0,0,41,,0,0,,0
"CW2-WHF30308",,"","",1,0,0,1,,0,0,,0
"CW2-WHF33308",,"","",2,0,0,2,,0,0,,0
"CW2-WHF36308",,"","",0,0,0,0,,0,0,,0
"CW2-WHF39308",,"","",2,0,0,2,,0,0,,0
"CW2-WRC3018",,"","",7,0,0,7,,0,0,,0
"CW2-WRP1230",,"","",9,0,0,9,,0,0,,0
"CW2-WRP1239",,"","",10,0,0,10,,0,0,,0
"E2-B09",,"","",23,0,0,23,,0,0,,0
"E2-B12",,"","",55,0,0,55,,0,0,,0
"E2-B15",,"","",47,0,0,47,,0,0,,28
"E2-B18",,"","",50,0,0,50,,0,0,,0
"E2-B21",,"","",29,0,0,29,,0,0,,0
"E2-B24",,"","",87,0,0,87,,0,0,,0
"E2-B27",,"","",39,0,0,39,,3,0,"05/23/2023",0
"E2-B30",,"","",49,0,0,49,,5,0,"04/26/2023",7
"E2-B33",,"","",17,0,0,17,,2,0,"05/22/2023",0
"E2-B36",,"","",26,0,0,26,,0,0,,0
"E2-BBC36",,"","",10,0,0,10,,0,0,,0
"E2-BBC42",,"","",13,0,0,13,,1,0,"05/22/2023",0
"E2-BBM",,"","",7,0,0,7,,0,0,,0
"E2-BEA1224-L",,"","",6,0,0,6,,0,0,,0
"E2-BEA1224-R",,"","",4,0,0,4,,0,0,,0
"E2-BEA2424 L / R",,"","",5,0,0,5,,0,0,,0
"E2-BEOS12-L",,"","",2,0,0,2,,0,0,,0
"E2-BEOS12-R",,"","",1,0,0,1,,0,0,,0
"E2-BEOS6-L",,"","",12,0,0,12,,0,0,,0
"E2-BEOS6-R",,"","",2,0,0,2,,0,0,,0
"E2-BEOS9-L",,"","",5,0,0,5,,0,0,,0
"E2-BEOS9-R",,"","",1,0,0,1,,0,0,,0
"E2-BF3",,"","",94,0,0,94,,0,0,,0
"E2-BF6",,"","",22,0,0,22,,0,0,,0
"E2-BMB",,"","",20,0,0,20,,0,0,,0
"E2-BMC30",,"","",5,0,0,5,,0,0,,0
"E2-BRP2430",,"","",19,0,0,19,,0,0,,0
"E2-BSR9",,"","",15,0,0,15,,2,0,"02/11/2023",0
"E2-CM2 3/4",,"","",52,0,0,52,,2,0,"04/07/2023",0
"E2-CM8",,"","",158,0,0,158,,5,0,"05/05/2023",0
"E2-DB12",,"","",12,0,0,12,,0,0,,0
"E2-DB15",,"","",8,0,0,8,,0,0,,0
"E2-DB18",,"","",8,0,0,8,,0,0,,0
"E2-DB21",,"","",6,0,0,6,,0,0,,0
"E2-DB24",,"","",7,0,0,7,,0,0,,0
"E2-DB30",,"","",5,0,0,5,,0,0,,0
"E2-DB36",,"","",5,0,0,5,,0,0,,0
"E2-DDB30",,"","",2,0,0,2,,0,0,,0
"E2-DDB36",,"","",2,0,0,2,,0,0,,0
"E2-DWP",,"","",25,0,0,25,,2,0,"05/05/2023",0
"E2-FSB33",,"","",3,0,0,3,,0,0,,0
"E2-FSB39",,"","",4,0,0,4,,0,0,,0
"E2-GRPO",,"","",8,0,0,8,,0,0,,0
"E2-GW1530-BOX",,"","",3,0,0,3,,0,0,,0
"E2-GW1530-GLASS DOOR",,"","",4,0,0,4,,0,0,,0
"E2-GW1539-BOX",,"","",6,0,0,6,,0,0,,0
"E2-GW1539-GLASS DOOR",,"","",5,0,0,5,,0,0,,0
"E2-GW1830-BOX",,"","",5,0,0,5,,0,0,,0
"E2-GW1830-GLASS DOOR",,"","",5,0,0,5,,0,0,,0
"E2-GW1839-BOX",,"","",7,0,0,7,,0,0,,0
"E2-GW1839-GLASS DOOR",,"","",5,0,0,5,,0,0,,0
"E2-GW2430-BOX",,"","",5,0,0,5,,0,0,,0
"E2-GW2430-GLASS DOOR",,"","",13,0,0,13,,0,0,,0
"E2-GW2439-BOX",,"","",8,0,0,8,,0,0,,0
"E2-GW2439-GLASS DOOR",,"","",10,0,0,10,,0,0,,0
"E2-GW3030-BOX",,"","",6,0,0,6,,0,0,,0
"E2-GW3030-GLASS DOOR",,"","",13,0,0,13,,0,0,,0
"E2-GW3039-BOX",,"","",5,0,0,5,,0,0,,0
"E2-GW3039-GLASS DOOR",,"","",27,0,0,27,,0,0,,0
"E2-GW3630-BOX",,"","",5,0,0,5,,0,0,,0
"E2-GW3630-GLASS DOOR",,"","",8,0,0,8,,0,0,,0
"E2-GW3639-BOX",,"","",5,0,0,5,,0,0,,0
"E2-GW3639-GLASS DOOR",,"","",6,0,0,6,,0,0,,0
"E2-GWDC2430-BOX",,"","",16,0,0,16,,0,0,,0
"E2-GWDC2430-GLASS DOOR",,"","",10,0,0,10,,0,0,,0
"E2-GWDC2439-BOX",,"","",10,0,0,10,,0,0,,0
"E2-GWDC2439-GLASS DOOR",,"","",10,0,0,10,,0,0,,0
"E2-LSB33",,"","",24,0,0,24,,0,0,,0
"E2-LSB36",,"","",29,0,0,29,,0,0,,0
"E2-MWC2730",,"","",5,0,0,5,,0,0,,0
"E2-MWC2739",,"","",6,0,0,6,,0,0,,0
"E2-MWC3030",,"","",6,0,0,6,,0,0,,0
"E2-MWC3039",,"","",6,0,0,6,,0,0,,0
"E2-OC3384",,"","",2,0,0,2,,0,0,,0
"E2-OC3393",,"","",-4,0,0,-4,,0,0,,0
"E2-OCM8",,"","",45,0,0,45,,0,0,,0
"E2-PC1884",,"","",5,0,0,5,,0,0,,0
"E2-PC1893",,"","",8,0,0,8,,0,0,,0
"E2-PC2484",,"","",8,0,0,8,,0,0,,0
"E2-PC2493",,"","",6,0,0,6,,0,0,,7
"E2-PC3084",,"","",4,0,0,4,,0,0,,0
"E2-PC3093",,"","",2,0,0,2,,2,0,"02/29/2024",0
"E2-PN1239",,"","",0,0,0,0,,0,0,,0
"E2-PN2493",,"","",0,0,0,0,,0,0,,0
"E2-PN4896",,"","",32,0,0,32,,0,0,,0
"E2-PRC3018",,"","",2,0,0,2,,0,0,,0
"E2-RC58",,"","",4,0,0,4,,0,0,,0
"E2-REF2496",,"","",71,0,0,71,,8,0,"04/25/2023",7
"E2-REF3096",,"","",11,0,0,11,,0,0,,0
"E2-ROT18",,"","",0,0,0,0,,0,0,,0
"E2-ROT24",,"","",0,0,0,0,,0,0,,0
"E2-ROT30",,"","",0,0,0,0,,0,0,,0
"E2-ROT33",,"","",0,0,0,0,,0,0,,0
"E2-ROT36",,"","",0,0,0,0,,0,0,,0
"E2-SAMPLE DOOR",,"","",5,0,0,5,,0,0,,0
"E2-SB30",,"","",51,0,0,51,,0,0,,0
"E2-SB33",,"","",13,0,0,13,,1,0,"05/22/2023",7
"E2-SB36",,"","",42,0,0,42,,0,0,,21
"E2-SBA36",,"","",29,0,0,29,,1,0,"06/27/2023",0
"E2-SHG30",,"","",5,0,0,5,,0,0,,7
"E2-SM8",,"","",29,0,0,29,,0,0,,0
"E2-SP3*34.5",,"","",4,0,0,4,,0,0,,0
"E2-TK8",,"","",192,0,0,192,,5,0,"02/11/2023",7
"E2-TOUCH UP",,"","",27,0,0,27,,0,0,,0
"E2-VA2421",,"","",16,0,0,16,,1,0,"03/20/2023",0
"E2-VA3021",,"","",8,0,0,8,,0,0,,0
"E2-VA3621",,"","",8,0,0,8,,0,0,,0
"E2-VAD3021-L",,"","",6,0,0,6,,0,0,,0
"E2-VAD3021-R",,"","",4,0,0,4,,0,0,,0
"E2-VAD3621-L",,"","",6,0,0,6,,0,0,,0
"E2-VAD3621-R",,"","",5,0,0,5,,0,0,,0
"E2-VAD4821",,"","",5,0,0,5,,0,0,,0
"E2-VAS36",,"","",10,0,0,10,,0,0,,0
"E2-VAS48",,"","",14,0,0,14,,0,0,,0
"E2-VAS72",,"","",10,0,0,10,,0,0,,0
"E2-VDB12",,"","",6,0,0,6,,0,0,,0
"E2-VDB15",,"","",6,0,0,6,,0,0,,0
"E2-W0930",,"","",28,0,0,28,,0,0,,0
"E2-W0939",,"","",17,0,0,17,,0,0,,0
"E2-W1230",,"","",36,0,0,36,,5,0,"10/28/2021",0
"E2-W1239",,"","",47,0,0,47,,5,0,"03/27/2023",0
"E2-W1530",,"","",27,0,0,27,,2,0,"11/17/2022",21
"E2-W1539",,"","",20,0,0,20,,0,0,,7
"E2-W1830",,"","",26,0,0,26,,0,0,,0
"E2-W1839",,"","",23,0,0,23,,0,0,,0
"E2-W2130",,"","",23,0,0,23,,0,0,,0
"E2-W2139",,"","",36,0,0,36,,1,0,"07/06/2023",0
"E2-W2412",,"","",4,0,0,4,,0,0,,0
"E2-W2415",,"","",9,0,0,9,,0,0,,0
"E2-W2418",,"","",3,0,0,3,,0,0,,0
"E2-W2421",,"","",13,0,0,13,,0,0,,0
"E2-W2424",,"","",7,0,0,7,,0,0,,0
"E2-W2430",,"","",33,0,0,33,,0,0,,0
"E2-W2439",,"","",43,0,0,43,,0,0,,0
"E2-W2730",,"","",21,0,0,21,,0,0,,0
"E2-W2739",,"","",22,0,0,22,,2,0,"04/25/2023",0
"E2-W3012",,"","",51,0,0,51,,0,0,,0
"E2-W301224",,"","",6,0,0,6,,0,0,,0
"E2-W3015",,"","",30,0,0,30,,2,0,"08/10/2023",28
"E2-W301524",,"","",6,0,0,6,,0,0,,0
"E2-W3018",,"","",15,0,0,15,,1,0,"04/29/2023",0
"E2-W301824",,"","",6,0,0,6,,0,0,,0
"E2-W3021",,"","",29,0,0,29,,1,0,"04/26/2023",14
"E2-W302124",,"","",7,0,0,7,,0,0,,0
"E2-W3024",,"","",28,0,0,28,,0,0,,0
"E2-W302424",,"","",4,0,0,4,,0,0,,0
"E2-W3030",,"","",49,0,0,49,,2,0,"03/20/2023",0
"E2-W3039",,"","",38,0,0,38,,5,0,"04/26/2023",7
"E2-W3312",,"","",6,0,0,6,,0,0,,0
"E2-W331224",,"","",5,0,0,5,,0,0,,0
"E2-W3315",,"","",5,0,0,5,,0,0,,0
"E2-W331524",,"","",5,0,0,5,,0,0,,0
"E2-W3318",,"","",6,0,0,6,,0,0,,0
"E2-W3321",,"","",5,0,0,5,,0,0,,0
"E2-W332124",,"","",6,0,0,6,,0,0,,0
"E2-W3324",,"","",5,0,0,5,,0,0,,0
"E2-W332424",,"","",5,0,0,5,,0,0,,0
"E2-W3330",,"","",9,0,0,9,,0,0,,7
"E2-W3339",,"","",17,0,0,17,,0,0,,0
"E2-W3612",,"","",12,0,0,12,,1,0,"04/13/2023",0
"E2-W361224",,"","",12,0,0,12,,0,0,,0
"E2-W3615",,"","",9,0,0,9,,0,0,,0
"E2-W361524",,"","",6,0,0,6,,0,0,,0
"E2-W3618",,"","",6,0,0,6,,0,0,,0
"E2-W361824",,"","",8,0,0,8,,0,0,,0
"E2-W3621",,"","",8,0,0,8,,0,0,,0
"E2-W362124",,"","",21,0,0,21,,0,0,,0
"E2-W3624",,"","",6,0,0,6,,0,0,,0
"E2-W362424",,"","",5,0,0,5,,0,0,,0
"E2-W3630",,"","",46,0,0,46,,0,0,,7
"E2-W3639",,"","",17,0,0,17,,1,0,"05/22/2023",7
"E2-WBC2730",,"","",6,0,0,6,,0,0,,0
"E2-WBC2739",,"","",5,0,0,5,,0,0,,0
"E2-WDC2430",,"","",25,0,0,25,,0,0,,0
"E2-WDC2439",,"","",32,0,0,32,,2,0,"03/27/2023",0
"E2-WEA1230",,"","",7,0,0,7,,0,0,,0
"E2-WEA1239",,"","",9,0,0,9,,0,0,,0
"E2-WES1230",,"","",0,0,0,0,,0,0,,0
"E2-WES630",,"","",6,0,0,6,,0,0,,0
"E2-WES639",,"","",14,0,0,14,,0,0,,0
"E2-WES930",,"","",4,0,0,4,,2,0,"12/15/2023",0
"E2-WES939",,"","",5,0,0,5,,1,0,"05/12/2023",0
"E2-WF330",,"","",128,0,0,128,,0,0,,0
"E2-WF339",,"","",109,0,0,109,,5,0,"02/11/2023",0
"E2-WF396",,"","",40,0,0,40,,5,0,"04/26/2023",14
"E2-WF630",,"","",14,0,0,14,,0,0,,0
"E2-WF639",,"","",14,0,0,14,,0,0,,0
"E2-WF696",,"","",18,0,0,18,,0,0,,0
"E2-WRC3018",,"","",6,0,0,6,,0,0,,0
"E2-WRP1230",,"","",24,0,0,24,,0,0,,0
"E2-WRP1239",,"","",9,0,0,9,,0,0,,0
"FB-POP UP-WE1025C",,"","",0,0,0,0,,0,0,,0
"FB-WE2021BN07",,"","",0,0,0,0,,0,0,,0
"FB-WE3006BN12",,"","",7,0,0,7,,0,0,,0
"FB-WE3006C12",,"","",0,0,0,0,,0,0,,0
"FB-WE3008BN",,"","",0,0,0,0,,0,0,,0
"FB-WE6020AC",,"","",198,0,0,198,,0,0,,0
"FB-WE6020AMB",,"","",314,0,0,314,,0,0,,0
"FB-WE8001BN",,"","",117,0,0,117,,0,0,,0
"FB-WE8605BN",,"","",179,0,0,179,,0,0,,0
"FK-WE6008C09",,"","",0,0,0,0,,0,0,,0
"FK-WE7003BN",,"","",52,0,0,52,,0,0,,0
"FK-WE7004BN",,"","",8,0,0,8,,50,0,"02/02/2024",0
"FK-WE7005",,"","",78,0,0,78,,0,0,,0
"FK-WE7012BN",,"","",0,0,0,0,,0,0,,0
"FK-WE7012BN01",,"","",12,0,0,12,,0,0,,0
"FK-WE7012C",,"","",29,0,0,29,,0,0,,0
"FK-WE7030BBN",,"","",112,0,0,112,,0,0,,0
"HANDLE-3312-10""",,"","",511,0,0,511,,0,0,,0
"HANDLE-3312-6""",,"","",32,0,0,32,,0,0,,0
"HANDLE-3312-8""",,"","",3559,0,0,3559,,0,0,,0
"HANDLE-3916-12""",,"","",257,0,0,257,,0,0,,0
"HANDLE-3916-5""",,"","",820,0,0,820,,542,0,"01/12/2023",0
"HANDLE-3916-7""",,"","",2032,0,0,2032,,550,0,"01/12/2023",0
"HANDLE-6100-2''-KNOB",,"","",0,0,0,0,,0,0,,0
"HANDLE-6100-5''",,"","",2580,0,0,2580,,2026,0,"05/06/2023",0
"HANDLE-6100-7''",,"","",266,0,0,266,,2,0,"05/25/2023",0
"HANDLE-6100-9.5''",,"","",62,0,0,62,,0,0,,0
"HANDLE-6200-29mm-KNOB",,"","",0,0,0,0,,0,0,,0
"HANDLE-6300-5.2''",,"","",498,0,0,498,,0,0,,0
"HANDLE-6300-8.5''",,"","",264,0,0,264,,0,0,,0
"HANDLE-6400-6.3''",,"","",146,0,0,146,,0,0,,0
"HANDLE-6400-7.5''",,"","",92,0,0,92,,0,0,,0
"HANDLE-6500-5''",,"","",691,0,0,691,,0,0,,0
"HANDLE-6500-7.5''",,"","",88,0,0,88,,0,0,,0
"HANDLE-6600-10''",,"","",100,0,0,100,,0,0,,0
"HANDLE-6600-5''",,"","",91,0,0,91,,0,0,,0
"HANDLE-6600-7.5''",,"","",146,0,0,146,,0,0,,0
"HANDLE-BM1883-S",,"","",0,0,0,0,,0,0,,0
"HANDLE-BM1911",,"","",-1,0,0,-1,,50,0,"01/09/2023",0
"HANDLE-BSN 1474",,"","",2630,0,0,2630,,300,0,"12/09/2022",0
"HANDLE-BSN1830",,"","",0,0,0,0,,0,0,,0
"HANDLE-IBM3112",,"","",256,0,0,256,,0,0,,0
"HANDLE-OBM 2795",,"","",88,0,0,88,,0,0,,0
"HANDLE-OBM3311-4""",,"","",0,0,0,0,,0,0,,0
"HANDLE-OBM3311-5""",,"","",0,0,0,0,,0,0,,0
"HANDLE-OBM3311-6""",,"","",3,0,0,3,,0,0,,0
"HANDLE-OBM3311-8""",,"","",0,0,0,0,,0,0,,0
"HANDLE-OBM4000-5""",,"","",554,0,0,554,,0,0,,0
"HANDLE-OBM4000-7""",,"","",495,0,0,495,,0,0,,0
"HANDLE-OBM7718-#1",,"","",526,0,0,526,,0,0,,0
"HANDLE-OBM7718-2.5""",,"","",474,0,0,474,,0,0,,0
"HANDLE-OBM7718-3""",,"","",432,0,0,432,,0,0,,0
"HANDLE-OBM7718-7""",,"","",6,0,0,6,,0,0,,0
"HANDLE-OBM7718-9""",,"","",929,0,0,929,,0,0,,0
"HANDLE SAMPLE BOARD",,"","",-3,0,0,-3,,0,0,,0
"Hardware",,"","",-302,0,0,-302,,0,0,,0
"HOOD-6"" CONNECTOR",,"","",0,0,0,0,,0,0,,0
"HOOD-6"" PIPE",,"","",0,0,0,0,,0,0,,0
"HOOD-8"" PIPE",,"","",0,0,0,0,,0,0,,0
"HOOD-Light Bulb",,"","",-1,0,0,-1,,0,0,,0
"HOOD-MT198D2-W30",,"","",8,0,0,8,,0,0,,0
"HOOD-MT198F-W30",,"","",0,0,0,0,,0,0,,0
"HOOD-MT198F4-W30",,"","",0,0,0,0,,0,0,,0
"HOOD-MTB10-30",,"","",5,0,0,5,,4,0,"11/03/2023",0
"HOOD-Oil Cup-Long",,"","",0,0,0,0,,0,0,,0
"HOOD-Oil Cup-Round",,"","",0,0,0,0,,0,0,,0
"HOOD-Oil net-Cover",,"","",-5,0,0,-5,,0,0,,0
"HOOD-Oil net-MT198-D2",,"","",-23,0,0,-23,,0,0,,0
"HOOD-Oil net-MTB10-30",,"","",0,0,0,0,,0,0,,0
"HOOD-Oil net-US200-1860",,"","",50,0,0,50,,0,0,,0
"HOOD-UC200-1815E",,"","",7,0,0,7,,0,0,,0
"HOOD-UC200-1830W",,"","",1,0,0,1,,1,0,"05/03/2023",0
"HOOD-UC200-1860",,"","",5,0,0,5,,0,0,,0
"HS-B09",,"","",0,0,0,0,,0,0,,0
"HS-B12",,"","",0,0,0,0,,0,0,,0
"HS-B15",,"","",0,0,0,0,,0,0,,0
"HS-B18",,"","",0,0,0,0,,0,0,,0
"HS-B21",,"","",0,0,0,0,,0,0,,0
"HS-B24",,"","",0,0,0,0,,0,0,,0
"HS-B27",,"","",0,0,0,0,,0,0,,0
"HS-B30",,"","",0,0,0,0,,0,0,,0
"HS-B33",,"","",0,0,0,0,,0,0,,0
"HS-B36",,"","",0,0,0,0,,0,0,,0
"HS-BBC36",,"","",0,0,0,0,,0,0,,0
"HS-BBC42",,"","",0,0,0,0,,0,0,,0
"HS-BEA12-L",,"","",0,0,0,0,,0,0,,0
"HS-BEA12-R",,"","",0,0,0,0,,0,0,,0
"HS-BEOS12-L",,"","",0,0,0,0,,0,0,,0
"HS-BEOS12-R",,"","",0,0,0,0,,0,0,,0
"HS-BEOS6-L",,"","",0,0,0,0,,0,0,,0
"HS-BEOS6-R",,"","",0,0,0,0,,0,0,,0
"HS-BEOS9-L",,"","",0,0,0,0,,0,0,,0
"HS-BEOS9-R",,"","",0,0,0,0,,0,0,,0
"HS-BF3",,"","",0,0,0,0,,0,0,,0
"HS-BF6",,"","",0,0,0,0,,0,0,,0
"HS-BRP2430",,"","",0,0,0,0,,0,0,,0
"HS-BSR09",,"","",0,0,0,0,,0,0,,0
"HS-CM8",,"","",0,0,0,0,,0,0,,0
"HS-DB12",,"","",0,0,0,0,,0,0,,0
"HS-DB15",,"","",0,0,0,0,,0,0,,0
"HS-DB18",,"","",0,0,0,0,,0,0,,0
"HS-DB21",,"","",0,0,0,0,,0,0,,0
"HS-DB24",,"","",0,0,0,0,,0,0,,0
"HS-DWP",,"","",0,0,0,0,,0,0,,0
"HS-GW1530-BOX",,"","",0,0,0,0,,0,0,,0
"HS-GW1530-GLASS DOOR",,"","",0,0,0,0,,0,0,,0
"HS-GW1539-BOX",,"","",0,0,0,0,,0,0,,0
"HS-GW1539-GLASS DOOR",,"","",0,0,0,0,,0,0,,0
"HS-GW1830-BOX",,"","",0,0,0,0,,0,0,,0
"HS-GW1830-GLASS DOOR",,"","",0,0,0,0,,0,0,,0
"HS-GW1839-BOX",,"","",0,0,0,0,,0,0,,0
"HS-GW1839-GLASS DOOR",,"","",0,0,0,0,,0,0,,0
"HS-GW2430-BOX",,"","",0,0,0,0,,0,0,,0
"HS-GW2430-GLASS DOOR",,"","",0,0,0,0,,0,0,,0
"HS-GW2439-BOX",,"","",0,0,0,0,,0,0,,0
"HS-GW2439-GLASS DOOR",,"","",0,0,0,0,,0,0,,0
"HS-GW2730-BOX",,"","",0,0,0,0,,0,0,,0
"HS-GW2730-GLASS DOOR",,"","",0,0,0,0,,0,0,,0
"HS-GW2739-BOX",,"","",0,0,0,0,,0,0,,0
"HS-GW2739-GLASS DOOR",,"","",0,0,0,0,,0,0,,0
"HS-GW3030-BOX",,"","",0,0,0,0,,0,0,,0
"HS-GW3030-GLASS DOOR",,"","",0,0,0,0,,0,0,,0
"HS-GW3039-BOX",,"","",0,0,0,0,,0,0,,0
"HS-GW3039-GLASS DOOR",,"","",0,0,0,0,,0,0,,0
"HS-GW3630-BOX",,"","",0,0,0,0,,0,0,,0
"HS-GW3630-GLASS DOOR",,"","",0,0,0,0,,0,0,,0
"HS-GW3639-BOX",,"","",0,0,0,0,,0,0,,0
"HS-GW3639-GLASS DOOR",,"","",0,0,0,0,,0,0,,0
"HS-GWDC2430-BOX",,"","",0,0,0,0,,0,0,,0
"HS-GWDC2430-GLASS DOOR",,"","",0,0,0,0,,0,0,,0
"HS-GWDC2439-BOX",,"","",0,0,0,0,,0,0,,0
"HS-GWDC2439-GLASS DOOR",,"","",0,0,0,0,,0,0,,0
"HS-LDR8",,"","",0,0,0,0,,0,0,,0
"HS-LSB33",,"","",0,0,0,0,,0,0,,0
"HS-LSB36",,"","",0,0,0,0,,0,0,,0
"HS-MWC2730",,"","",0,0,0,0,,0,0,,0
"HS-MWC2739",,"","",0,0,0,0,,0,0,,0
"HS-MWC3030",,"","",0,0,0,0,,0,0,,0
"HS-MWC3039",,"","",0,0,0,0,,0,0,,0
"HS-OCM8",,"","",0,0,0,0,,0,0,,0
"HS-PC1584",,"","",0,0,0,0,,0,0,,0
"HS-PC1884",,"","",0,0,0,0,,0,0,,0
"HS-PC1893",,"","",0,0,0,0,,0,0,,0
"HS-PC2484",,"","",0,0,0,0,,0,0,,0
"HS-PC2493",,"","",0,0,0,0,,0,0,,0
"HS-PCB33",,"","",0,0,0,0,,0,0,,0
"HS-PCB36",,"","",0,0,0,0,,0,0,,0
"HS-PN2434.5",,"","",0,0,0,0,,0,0,,0
"HS-PN2484",,"","",0,0,0,0,,0,0,,0
"HS-PN2493",,"","",0,0,0,0,,0,0,,0
"HS-PN4896",,"","",0,0,0,0,,0,0,,0
"HS-PRC3018",,"","",0,0,0,0,,0,0,,0
"HS-REF2496",,"","",0,0,0,0,,0,0,,0
"HS-ROT15",,"","",0,0,0,0,,0,0,,0
"HS-ROT18",,"","",0,0,0,0,,0,0,,0
"HS-ROT24",,"","",0,0,0,0,,0,0,,0
"HS-ROT30",,"","",0,0,0,0,,0,0,,0
"HS-SAMPLE DOOR",,"","",0,0,0,0,,0,0,,0
"HS-SB27",,"","",0,0,0,0,,0,0,,0
"HS-SB30",,"","",0,0,0,0,,0,0,,0
"HS-SB33",,"","",0,0,0,0,,0,0,,0
"HS-SB36",,"","",0,0,0,0,,0,0,,0
"HS-SBA36",,"","",0,0,0,0,,0,0,,0
"HS-SHG30",,"","",0,0,0,0,,0,0,,0
"HS-SM8",,"","",0,0,0,0,,0,0,,0
"HS-TK8",,"","",0,0,0,0,,0,0,,0
"HS-TLR8",,"","",0,0,0,0,,0,0,,0
"HS-TOUCH UP",,"","",20,0,0,20,,0,0,,0
"HS-VA2421",,"","",-1,0,0,-1,,0,0,,0
"HS-VA3021",,"","",0,0,0,0,,0,0,,0
"HS-VA3621",,"","",0,0,0,0,,0,0,,0
"HS-VAD3021-L",,"","",0,0,0,0,,0,0,,0
"HS-VAD3021-R",,"","",0,0,0,0,,0,0,,0
"HS-VAD3621-L",,"","",0,0,0,0,,0,0,,0
"HS-VAD3621-R",,"","",0,0,0,0,,0,0,,0
"HS-VAD4821",,"","",0,0,0,0,,0,0,,0
"HS-VAS36",,"","",0,0,0,0,,0,0,,0
"HS-VAS48",,"","",0,0,0,0,,0,0,,0
"HS-VAS72",,"","",0,0,0,0,,0,0,,0
"HS-W0930",,"","",0,0,0,0,,0,0,,0
"HS-W0939",,"","",0,0,0,0,,0,0,,0
"HS-W1230",,"","",0,0,0,0,,0,0,,0
"HS-W1239",,"","",0,0,0,0,,0,0,,0
"HS-W1530",,"","",0,0,0,0,,0,0,,0
"HS-W1539",,"","",0,0,0,0,,0,0,,0
"HS-W1830",,"","",0,0,0,0,,0,0,,0
"HS-W1839",,"","",0,0,0,0,,0,0,,0
"HS-W2130",,"","",0,0,0,0,,0,0,,0
"HS-W2139",,"","",0,0,0,0,,0,0,,0
"HS-W2412",,"","",0,0,0,0,,0,0,,0
"HS-W2415",,"","",0,0,0,0,,0,0,,0
"HS-W2418",,"","",0,0,0,0,,0,0,,0
"HS-W2421",,"","",0,0,0,0,,0,0,,0
"HS-W2424",,"","",0,0,0,0,,0,0,,0
"HS-W2430",,"","",0,0,0,0,,0,0,,0
"HS-W2439",,"","",0,0,0,0,,0,0,,0
"HS-W2730",,"","",0,0,0,0,,0,0,,0
"HS-W2739",,"","",0,0,0,0,,0,0,,0
"HS-W3012",,"","",-1,0,0,-1,,0,0,,0
"HS-W301224",,"","",0,0,0,0,,0,0,,0
"HS-W3015",,"","",0,0,0,0,,0,0,,0
"HS-W301524",,"","",0,0,0,0,,0,0,,0
"HS-W3018",,"","",0,0,0,0,,0,0,,0
"HS-W3021",,"","",0,0,0,0,,0,0,,0
"HS-W302124",,"","",0,0,0,0,,0,0,,0
"HS-W3024",,"","",0,0,0,0,,0,0,,0
"HS-W302424",,"","",0,0,0,0,,0,0,,0
"HS-W3030",,"","",0,0,0,0,,0,0,,0
"HS-W3039",,"","",0,0,0,0,,0,0,,0
"HS-W3312",,"","",0,0,0,0,,0,0,,0
"HS-W3315",,"","",0,0,0,0,,0,0,,0
"HS-W331524",,"","",0,0,0,0,,0,0,,0
"HS-W3318",,"","",0,0,0,0,,0,0,,0
"HS-W3321",,"","",0,0,0,0,,0,0,,0
"HS-W332124",,"","",0,0,0,0,,0,0,,0
"HS-W3324",,"","",0,0,0,0,,0,0,,0
"HS-W332424",,"","",0,0,0,0,,0,0,,0
"HS-W3330",,"","",0,0,0,0,,0,0,,0
"HS-W3339",,"","",0,0,0,0,,0,0,,0
"HS-W3612",,"","",0,0,0,0,,0,0,,0
"HS-W361224",,"","",0,0,0,0,,0,0,,0
"HS-W3615",,"","",0,0,0,0,,0,0,,0
"HS-W361524",,"","",0,0,0,0,,0,0,,0
"HS-W3618",,"","",0,0,0,0,,0,0,,0
"HS-W361824",,"","",0,0,0,0,,0,0,,0
"HS-W3621",,"","",0,0,0,0,,0,0,,0
"HS-W362124",,"","",0,0,0,0,,0,0,,0
"HS-W3624",,"","",0,0,0,0,,0,0,,0
"HS-W362424",,"","",0,0,0,0,,0,0,,0
"HS-W3630",,"","",0,0,0,0,,0,0,,0
"HS-W3639",,"","",0,0,0,0,,0,0,,0
"HS-WBC2430",,"","",0,0,0,0,,0,0,,0
"HS-WBC2730",,"","",0,0,0,0,,0,0,,0
"HS-WBC2739",,"","",0,0,0,0,,0,0,,0
"HS-WDC2430",,"","",0,0,0,0,,0,0,,0
"HS-WDC2439",,"","",0,0,0,0,,0,0,,0
"HS-WEA1230",,"","",0,0,0,0,,0,0,,0
"HS-WEA1239",,"","",0,0,0,0,,0,0,,0
"HS-WEOS1230",,"","",0,0,0,0,,0,0,,0
"HS-WEOS1239",,"","",0,0,0,0,,0,0,,0
"HS-WEOS630",,"","",0,0,0,0,,0,0,,0
"HS-WEOS639",,"","",0,0,0,0,,0,0,,0
"HS-WEOS930",,"","",0,0,0,0,,0,0,,0
"HS-WEOS930-L",,"","",0,0,0,0,,0,0,,0
"HS-WEOS930-R",,"","",0,0,0,0,,0,0,,0
"HS-WEOS939",,"","",0,0,0,0,,0,0,,0
"HS-WF330",,"","",0,0,0,0,,0,0,,0
"HS-WF339",,"","",0,0,0,0,,0,0,,0
"HS-WF396",,"","",0,0,0,0,,0,0,,0
"HS-WF630",,"","",0,0,0,0,,0,0,,0
"HS-WF639",,"","",0,0,0,0,,0,0,,0
"HS-WF696",,"","",8,0,0,8,,0,0,,0
"HS-WRC3018",,"","",0,0,0,0,,0,0,,0
"HS-WRP1230",,"","",0,0,0,0,,0,0,,0
"HS-WRP1239",,"","",0,0,0,0,,0,0,,0
"IW-B09",,"","",0,0,0,0,,0,0,,0
"IW-B12",,"","",0,0,0,0,,0,0,,0
"IW-B15",,"","",0,0,0,0,,0,0,,0
"IW-B18",,"","",0,0,0,0,,0,0,,0
"IW-B21",,"","",-1,0,0,-1,,0,0,,0
"IW-B24",,"","",0,0,0,0,,0,0,,0
"IW-B27",,"","",0,0,0,0,,0,0,,0
"IW-B30",,"","",-1,0,0,-1,,0,0,,0
"IW-B33",,"","",0,0,0,0,,0,0,,0
"IW-B36",,"","",0,0,0,0,,0,0,,0
"IW-BBC36",,"","",0,0,0,0,,0,0,,0
"IW-BBC42",,"","",0,0,0,0,,0,0,,0
"IW-BEA12-L",,"","",0,0,0,0,,0,0,,0
"IW-BEA12-R",,"","",0,0,0,0,,0,0,,0
"IW-BEA24",,"","",0,0,0,0,,0,0,,0
"IW-BEOS6",,"","",0,0,0,0,,0,0,,0
"IW-BEOS9",,"","",0,0,0,0,,0,0,,0
"IW-BF3",,"","",-7,0,0,-7,,0,0,,0
"IW-BF6",,"","",7,0,0,7,,3,0,"11/04/2023",0
"IW-BFF3",,"","",0,0,0,0,,0,0,,0
"IW-BRP2430",,"","",0,0,0,0,,0,0,,0
"IW-BSR9",,"","",0,0,0,0,,0,0,,0
"IW-CM2 3/4",,"","",0,0,0,0,,0,0,,0
"IW-CM8",,"","",3,0,0,3,,0,0,,0
"IW-DB12",,"","",0,0,0,0,,2,0,"11/04/2023",0
"IW-DB15",,"","",0,0,0,0,,0,0,,0
"IW-DB18",,"","",0,0,0,0,,0,0,,0
"IW-DB21",,"","",1,0,0,1,,0,0,,0
"IW-DB24",,"","",0,0,0,0,,1,0,"11/04/2023",0
"IW-DB30",,"","",0,0,0,0,,0,0,,0
"IW-DB36",,"","",0,0,0,0,,0,0,,0
"IW-DWP",,"","",0,0,0,0,,0,0,,0
"IW-GW1530-BOX",,"","",0,0,0,0,,0,0,,0
"IW-GW1530-GLASS DOOR",,"","",0,0,0,0,,0,0,,0
"IW-GW1539-BOX",,"","",0,0,0,0,,0,0,,0
"IW-GW1539-GLASS DOOR",,"","",0,0,0,0,,0,0,,0
"IW-GW1830-BOX",,"","",0,0,0,0,,0,0,,0
"IW-GW1830-GLASS DOOR",,"","",0,0,0,0,,0,0,,0
"IW-GW1839-BOX",,"","",0,0,0,0,,0,0,,0
"IW-GW1839-GLASS DOOR",,"","",0,0,0,0,,0,0,,0
"IW-GW2430-BOX",,"","",0,0,0,0,,0,0,,0
"IW-GW2430-GLASS DOOR",,"","",0,0,0,0,,0,0,,0
"IW-GW2439-BOX",,"","",0,0,0,0,,0,0,,0
"IW-GW2439-GLASS DOOR",,"","",0,0,0,0,,0,0,,0
"IW-GW3030-BOX",,"","",0,0,0,0,,0,0,,0
"IW-GW3030-GLASS DOOR",,"","",0,0,0,0,,0,0,,0
"IW-GW3039-BOX",,"","",0,0,0,0,,0,0,,0
"IW-GW3039-GLASS DOOR",,"","",0,0,0,0,,0,0,,0
"IW-GW3630-BOX",,"","",0,0,0,0,,0,0,,0
"IW-GW3630-GLASS DOOR",,"","",0,0,0,0,,0,0,,0
"IW-GW3639-BOX",,"","",0,0,0,0,,0,0,,0
"IW-GW3639-GLASS DOOR",,"","",0,0,0,0,,0,0,,0
"IW-GWDC2430-BOX",,"","",0,0,0,0,,0,0,,0
"IW-GWDC2430-GLASS DOOR",,"","",0,0,0,0,,0,0,,0
"IW-GWDC2439-BOX",,"","",0,0,0,0,,0,0,,0
"IW-GWDC2439-GLASS DOOR",,"","",0,0,0,0,,0,0,,0
"IW-LM8",,"","",0,0,0,0,,0,0,,0
"IW-LSB33",,"","",0,0,0,0,,0,0,,0
"IW-LSB36",,"","",0,0,0,0,,0,0,,0
"IW-MWC2730",,"","",0,0,0,0,,0,0,,0
"IW-MWC2739",,"","",0,0,0,0,,0,0,,0
"IW-MWC3030",,"","",0,0,0,0,,0,0,,0
"IW-MWC3039",,"","",0,0,0,0,,0,0,,0
"IW-OCM8",,"","",0,0,0,0,,0,0,,0
"IW-ONL-RB3*3",,"","",0,0,0,0,,0,0,,0
"IW-PC1884",,"","",0,0,0,0,,0,0,,0
"IW-PC1893",,"","",0,0,0,0,,0,0,,0
"IW-PC2484",,"","",0,0,0,0,,0,0,,0
"IW-PC2493",,"","",0,0,0,0,,0,0,,0
"IW-PC3084",,"","",0,0,0,0,,0,0,,0
"IW-PC3093",,"","",0,0,0,0,,0,0,,0
"IW-PN4896",,"","",0,0,0,0,,0,0,,0
"IW-PRC3018",,"","",0,0,0,0,,0,0,,0
"IW-RC58",,"","",0,0,0,0,,0,0,,0
"IW-REF2496",,"","",4,0,0,4,,0,0,,0
"IW-ROT18",,"","",0,0,0,0,,0,0,,0
"IW-ROT24",,"","",0,0,0,0,,0,0,,0
"IW-ROT30",,"","",0,0,0,0,,0,0,,0
"IW-SAMPLE DOOR",,"","",-1,0,0,-1,,0,0,,0
"IW-SB27",,"","",0,0,0,0,,1,0,"11/04/2023",0
"IW-SB30",,"","",0,0,0,0,,0,0,,0
"IW-SB33",,"","",0,0,0,0,,0,0,,0
"IW-SB36",,"","",0,0,0,0,,2,0,"11/04/2023",0
"IW-SBA36",,"","",0,0,0,0,,0,0,,0
"IW-SHG30",,"","",0,0,0,0,,0,0,,0
"IW-SM8",,"","",0,0,0,0,,0,0,,0
"IW-SP3*34.5",,"","",0,0,0,0,,0,0,,0
"IW-TK8",,"","",1,0,0,1,,0,0,,0
"IW-TOUCH UP",,"","",5,0,0,5,,0,0,,0
"IW-VA2421",,"","",0,0,0,0,,0,0,,0
"IW-VA3021",,"","",0,0,0,0,,0,0,,0
"IW-VA3621",,"","",0,0,0,0,,0,0,,0
"IW-VAD3021-L",,"","",0,0,0,0,,0,0,,0
"IW-VAD3021-R",,"","",0,0,0,0,,0,0,,0
"IW-VAD3621-L",,"","",0,0,0,0,,0,0,,0
"IW-VAD3621-R",,"","",0,0,0,0,,0,0,,0
"IW-VAD4821",,"","",0,0,0,0,,0,0,,0
"IW-VAS36",,"","",0,0,0,0,,0,0,,0
"IW-VAS48",,"","",0,0,0,0,,0,0,,0
"IW-VAS72",,"","",0,0,0,0,,0,0,,0
"IW-W0930",,"","",0,0,0,0,,0,0,,0
"IW-W0939",,"","",0,0,0,0,,0,0,,0
"IW-W1230",,"","",0,0,0,0,,0,0,,0
"IW-W1239",,"","",0,0,0,0,,0,0,,0
"IW-W1530",,"","",0,0,0,0,,0,0,,0
"IW-W1539",,"","",0,0,0,0,,0,0,,0
"IW-W1830",,"","",0,0,0,0,,0,0,,0
"IW-W1839",,"","",-1,0,0,-1,,0,0,,0
"IW-W2130",,"","",0,0,0,0,,0,0,,0
"IW-W2139",,"","",0,0,0,0,,0,0,,0
"IW-W2412",,"","",0,0,0,0,,0,0,,0
"IW-W2415",,"","",0,0,0,0,,0,0,,0
"IW-W2418",,"","",0,0,0,0,,0,0,,0
"IW-W2421",,"","",0,0,0,0,,0,0,,0
"IW-W2424",,"","",0,0,0,0,,0,0,,0
"IW-W2430",,"","",0,0,0,0,,0,0,,0
"IW-W2439",,"","",0,0,0,0,,0,0,,0
"IW-W2730",,"","",0,0,0,0,,0,0,,0
"IW-W2739",,"","",0,0,0,0,,0,0,,0
"IW-W3012",,"","",0,0,0,0,,0,0,,0
"IW-W301224",,"","",0,0,0,0,,0,0,,0
"IW-W3015",,"","",-2,0,0,-2,,2,0,"03/31/2023",0
"IW-W301524",,"","",0,0,0,0,,0,0,,0
"IW-W3018",,"","",0,0,0,0,,0,0,,0
"IW-W301824",,"","",0,0,0,0,,0,0,,0
"IW-W3021",,"","",0,0,0,0,,0,0,,0
"IW-W302124",,"","",0,0,0,0,,0,0,,0
"IW-W3024",,"","",0,0,0,0,,0,0,,0
"IW-W302424",,"","",0,0,0,0,,0,0,,0
"IW-W3030",,"","",0,0,0,0,,0,0,,0
"IW-W3039",,"","",0,0,0,0,,0,0,,0
"IW-W3312",,"","",0,0,0,0,,0,0,,0
"IW-W331224",,"","",0,0,0,0,,0,0,,0
"IW-W3315",,"","",0,0,0,0,,0,0,,0
"IW-W331524",,"","",0,0,0,0,,0,0,,0
"IW-W3318",,"","",0,0,0,0,,0,0,,0
"IW-W3321",,"","",0,0,0,0,,0,0,,0
"IW-W332124",,"","",0,0,0,0,,0,0,,0
"IW-W3324",,"","",0,0,0,0,,0,0,,0
"IW-W332424",,"","",0,0,0,0,,0,0,,0
"IW-W3330",,"","",0,0,0,0,,0,0,,0
"IW-W3339",,"","",0,0,0,0,,0,0,,0
"IW-W3612",,"","",0,0,0,0,,0,0,,0
"IW-W361224",,"","",0,0,0,0,,0,0,,0
"IW-W3615",,"","",0,0,0,0,,0,0,,0
"IW-W361524",,"","",0,0,0,0,,0,0,,0
"IW-W3618",,"","",0,0,0,0,,0,0,,0
"IW-W361824",,"","",0,0,0,0,,0,0,,0
"IW-W3621",,"","",0,0,0,0,,0,0,,0
"IW-W362124",,"","",0,0,0,0,,0,0,,0
"IW-W3624",,"","",0,0,0,0,,0,0,,0
"IW-W362424",,"","",0,0,0,0,,0,0,,0
"IW-W3630",,"","",0,0,0,0,,0,0,,0
"IW-W3639",,"","",0,0,0,0,,0,0,,0
"IW-WBC2730",,"","",0,0,0,0,,0,0,,0
"IW-WBC2739",,"","",0,0,0,0,,0,0,,0
"IW-WDC2430",,"","",0,0,0,0,,0,0,,0
"IW-WDC2439",,"","",0,0,0,0,,0,0,,0
"IW-WEA1230",,"","",0,0,0,0,,0,0,,0
"IW-WEA1239",,"","",0,0,0,0,,0,0,,0
"IW-WES630",,"","",0,0,0,0,,0,0,,0
"IW-WES639",,"","",0,0,0,0,,0,0,,0
"IW-WES930",,"","",0,0,0,0,,0,0,,0
"IW-WES939",,"","",0,0,0,0,,0,0,,0
"IW-WF330",,"","",3,0,0,3,,0,0,,0
"IW-WF339",,"","",1,0,0,1,,0,0,,0
"IW-WF396",,"","",0,0,0,0,,0,0,,0
"IW-WF630",,"","",0,0,0,0,,0,0,,0
"IW-WF639",,"","",0,0,0,0,,0,0,,0
"IW-WF696",,"","",0,0,0,0,,0,0,,0
"IW-WFF330",,"","",0,0,0,0,,0,0,,0
"IW-WFF339",,"","",0,0,0,0,,0,0,,0
"IW-WHF33308",,"","",0,0,0,0,,0,0,,0
"IW-WHF39308",,"","",0,0,0,0,,0,0,,0
"IW-WRC3018",,"","",0,0,0,0,,0,0,,0
"IW-WRP1230",,"","",0,0,0,0,,0,0,,0
"IW-WRP1239",,"","",0,0,0,0,,0,0,,0
"MS-B09",,"","",32,0,0,32,,0,0,,0
"MS-B12",,"","",68,0,0,68,,37,0,"01/24/2023",7
"MS-B15",,"","",76,0,0,76,,32,0,"10/28/2021",0
"MS-B18",,"","",65,0,0,65,,30,0,"08/31/2023",7
"MS-B21",,"","",29,0,0,29,,16,0,"08/31/2023",0
"MS-B24",,"","",85,0,0,85,,23,0,"08/31/2023",7
"MS-B27",,"","",43,0,0,43,,4,0,"07/08/2023",0
"MS-B30",,"","",88,0,0,88,,13,0,"07/08/2023",0
"MS-B33",,"","",29,0,0,29,,17,0,"03/28/2023",0
"MS-B36",,"","",39,0,0,39,,18,0,"07/08/2023",0
"MS-BBC36",,"","",6,0,0,6,,2,0,"12/08/2023",7
"MS-BBC42",,"","",11,0,0,11,,12,0,"08/31/2023",0
"MS-BBM",,"","",16,0,0,16,,1,0,"01/24/2024",0
"MS-BEA2412L",,"","",7,0,0,7,,4,0,"08/28/2023",0
"MS-BEA2412R",,"","",8,0,0,8,,0,0,,0
"MS-BEA2424",,"","",5,0,0,5,,0,0,,0
"MS-BEOS6",,"","",2,0,0,2,,0,0,,0
"MS-BEOS9",,"","",3,0,0,3,,0,0,,0
"MS-BF3",,"","",154,0,0,154,,52,0,"07/08/2023",21
"MS-BF6",,"","",62,0,0,62,,107,0,"03/21/2023",0
"MS-BMC30",,"","",9,0,0,9,,1,0,"04/13/2023",0
"MS-BRP2430",,"","",22,0,0,22,,4,0,"02/17/2023",0
"MS-BSR9",,"","",43,0,0,43,,0,0,,0
"MS-CM2-C",,"","",112,0,0,112,,0,0,,0
"MS-CM2 3/4",,"","",0,0,0,0,,0,0,,0
"MS-CM8",,"","",114,0,0,114,,0,0,,0
"MS-CM8-S",,"","",16,0,0,16,,0,0,,0
"MS-DB12",,"","",12,0,0,12,,1,0,"09/19/2023",0
"MS-DB15",,"","",13,0,0,13,,0,0,,0
"MS-DB18",,"","",21,0,0,21,,2,0,"03/06/2023",0
"MS-DB21",,"","",7,0,0,7,,0,0,,0
"MS-DB24",,"","",17,0,0,17,,0,0,,0
"MS-DB30",,"","",14,0,0,14,,0,0,,0
"MS-DB36",,"","",10,0,0,10,,0,0,,0
"MS-DDB30",,"","",0,0,0,0,,0,0,,0
"MS-DDB36",,"","",1,0,0,1,,0,0,,0
"MS-DWP",,"","",61,0,0,61,,46,0,"03/06/2023",0
"MS-FSB33",,"","",6,0,0,6,,0,0,,0
"MS-FSB39",,"","",0,0,0,0,,4,0,"09/22/2023",0
"MS-GRPO",,"","",0,0,0,0,,0,0,,0
"MS-GW1530-BOX",,"","",0,0,0,0,,5,0,"08/12/2023",0
"MS-GW1530-GLASS DOOR",,"","",4,0,0,4,,0,0,,0
"MS-GW1536-BOX",,"","",4,0,0,4,,2,0,"08/12/2023",0
"MS-GW1536-GLASS DOOR",,"","",4,0,0,4,,0,0,,0
"MS-GW1539-BOX",,"","",5,0,0,5,,0,0,,0
"MS-GW1539-GLASS DOOR",,"","",4,0,0,4,,0,0,,0
"MS-GW1830-BOX",,"","",5,0,0,5,,1,0,"08/11/2023",0
"MS-GW1830-GLASS DOOR",,"","",5,0,0,5,,0,0,,0
"MS-GW1836-BOX",,"","",7,0,0,7,,0,0,,0
"MS-GW1836-GLASS DOOR",,"","",9,0,0,9,,0,0,,0
"MS-GW1839-BOX",,"","",0,0,0,0,,0,0,,0
"MS-GW1839-GLASS DOOR",,"","",2,0,0,2,,0,0,,0
"MS-GW2430-BOX",,"","",3,0,0,3,,1,0,"08/12/2023",0
"MS-GW2430-GLASS DOOR",,"","",6,0,0,6,,0,0,,0
"MS-GW2436-BOX",,"","",3,0,0,3,,0,0,,0
"MS-GW2436-GLASS DOOR",,"","",12,0,0,12,,0,0,,0
"MS-GW2439-BOX",,"","",5,0,0,5,,3,0,"08/12/2023",0
"MS-GW2439-GLASS DOOR",,"","",8,0,0,8,,0,0,,0
"MS-GW3030-BOX",,"","",5,0,0,5,,10,0,"08/12/2023",0
"MS-GW3030-GLASS DOOR",,"","",41,0,0,41,,0,0,,0
"MS-GW3036-BOX",,"","",5,0,0,5,,0,0,,0
"MS-GW3036-GLASS DOOR",,"","",11,0,0,11,,0,0,,0
"MS-GW3039-BOX",,"","",4,0,0,4,,3,0,"08/12/2023",0
"MS-GW3039-GLASS DOOR",,"","",42,0,0,42,,0,0,,0
"MS-GW3630-BOX",,"","",7,0,0,7,,1,0,"07/15/2023",0
"MS-GW3630-GLASS DOOR",,"","",17,0,0,17,,7,0,"07/15/2023",0
"MS-GW3636-BOX",,"","",2,0,0,2,,0,0,,0
"MS-GW3636-GLASS DOOR",,"","",10,0,0,10,,0,0,,0
"MS-GW3639-BOX",,"","",5,0,0,5,,2,0,"07/15/2023",0
"MS-GW3639-GLASS DOOR",,"","",7,0,0,7,,8,0,"04/07/2023",0
"MS-GWDC2430-BOX",,"","",6,0,0,6,,7,0,"08/12/2023",0
"MS-GWDC2430-GLASS DOOR",,"","",6,0,0,6,,0,0,,0
"MS-GWDC2436-BOX",,"","",6,0,0,6,,0,0,,0
"MS-GWDC2436-GLASS DOOR",,"","",6,0,0,6,,0,0,,0
"MS-GWDC2439-BOX",,"","",8,0,0,8,,0,0,,0
"MS-GWDC2439-GLASS DOOR",,"","",10,0,0,10,,0,0,,0
"MS-LM8",,"","",23,0,0,23,,20,0,"08/12/2023",0
"MS-LSB33",,"","",19,0,0,19,,2,0,"09/19/2023",0
"MS-LSB36",,"","",41,0,0,41,,0,0,,0
"MS-MWC2730",,"","",1,0,0,1,,0,0,,0
"MS-MWC2736",,"","",5,0,0,5,,0,0,,0
"MS-MWC2739",,"","",6,0,0,6,,0,0,,0
"MS-MWC3030",,"","",1,0,0,1,,2,0,"11/24/2023",0
"MS-MWC3036",,"","",1,0,0,1,,0,0,,0
"MS-MWC3039",,"","",4,0,0,4,,1,0,"03/08/2024",0
"MS-OC3384",,"","",2,0,0,2,,0,0,,0
"MS-OC3390",,"","",0,0,0,0,,0,0,,0
"MS-OC3393",,"","",0,0,0,0,,0,0,,0
"MS-OCM8",,"","",43,0,0,43,,2,0,"03/08/2024",0
"MS-PC1884",,"","",2,0,0,2,,3,0,"03/08/2024",0
"MS-PC1890",,"","",8,0,0,8,,0,0,,0
"MS-PC1893",,"","",3,0,0,3,,7,0,"11/13/2023",0
"MS-PC2484",,"","",3,0,0,3,,2,0,"11/13/2023",0
"MS-PC2490",,"","",8,0,0,8,,0,0,,0
"MS-PC2493",,"","",1,0,0,1,,2,0,"09/19/2023",7
"MS-PC3084",,"","",2,0,0,2,,0,0,,0
"MS-PC3090",,"","",2,0,0,2,,0,0,,0
"MS-PC3093",,"","",0,0,0,0,,1,0,"03/04/2024",0
"MS-PN4896",,"","",45,0,0,45,,2,0,"03/08/2024",0
"MS-PRC3018",,"","",1,0,0,1,,0,0,,0
"MS-RC58",,"","",1,0,0,1,,0,0,,0
"MS-REF2496",,"","",43,0,0,43,,74,0,"07/08/2023",0
"MS-REF3096",,"","",-12,0,0,-12,,106,0,"01/30/2023",0
"MS-ROT18",,"","",36,0,0,36,,0,0,,14
"MS-ROT24",,"","",23,0,0,23,,2,0,"08/02/2023",0
"MS-ROT30",,"","",16,0,0,16,,2,0,"03/08/2024",0
"MS-ROT33",,"","",4,0,0,4,,0,0,,0
"MS-ROT36",,"","",4,0,0,4,,2,0,"03/08/2024",0
"MS-SAMPLE DOOR",,"","",45,0,0,45,,0,0,,0
"MS-SB27",,"","",3,0,0,3,,34,0,"11/13/2023",0
"MS-SB30",,"","",54,0,0,54,,46,0,"10/28/2021",7
"MS-SB33",,"","",22,0,0,22,,13,0,"08/31/2023",0
"MS-SB36",,"","",31,0,0,31,,19,0,"08/31/2023",0
"MS-SB36-ADA-REMOVABLE",,"","",0,0,0,0,,0,0,,0
"MS-SBA36",,"","",16,0,0,16,,21,0,"08/31/2023",0
"MS-SHG30",,"","",4,0,0,4,,0,0,,0
"MS-SM8",,"","",29,0,0,29,,15,0,"05/25/2023",0
"MS-SP3*34.5",,"","",16,0,0,16,,0,0,,0
"MS-TK",,"","",178,0,0,178,,203,0,"07/08/2023",7
"MS-TOUCH UP",,"","",3,0,0,3,,10,0,"04/08/2023",0
"MS-VA2421",,"","",7,0,0,7,,52,0,"04/26/2023",0
"MS-VA3021",,"","",20,0,0,20,,40,0,"10/28/2021",14
"MS-VA3621",,"","",30,0,0,30,,7,0,"07/08/2023",7
"MS-VAD3021-L",,"","",1,0,0,1,,1,0,"02/15/2024",0
"MS-VAD3021-R",,"","",1,0,0,1,,0,0,,0
"MS-VAD3621-L",,"","",5,0,0,5,,2,0,"08/28/2023",0
"MS-VAD3621-R",,"","",4,0,0,4,,2,0,"08/28/2023",0
"MS-VAD4821",,"","",0,0,0,0,,0,0,,0
"MS-VAS36",,"","",4,0,0,4,,3,0,"11/13/2023",0
"MS-VAS48",,"","",20,0,0,20,,0,0,,0
"MS-VAS72",,"","",2,0,0,2,,2,0,"12/08/2023",0
"MS-VDB12",,"","",9,0,0,9,,0,0,,0
"MS-VDB15",,"","",5,0,0,5,,1,0,"11/13/2023",14
"MS-W0930",,"","",17,0,0,17,,2,0,"03/08/2024",0
"MS-W0936",,"","",8,0,0,8,,3,0,"03/08/2024",0
"MS-W0939",,"","",21,0,0,21,,1,0,"03/11/2023",0
"MS-W1230",,"","",34,0,0,34,,1,0,"01/24/2023",0
"MS-W1236",,"","",8,0,0,8,,16,0,"07/08/2023",0
"MS-W1239",,"","",32,0,0,32,,12,0,"09/19/2023",0
"MS-W1530",,"","",27,0,0,27,,12,0,"03/28/2023",7
"MS-W1536",,"","",30,0,0,30,,11,0,"06/05/2023",0
"MS-W1539",,"","",27,0,0,27,,38,0,"08/31/2023",0
"MS-W1830",,"","",14,0,0,14,,10,0,"03/08/2024",0
"MS-W1836",,"","",18,0,0,18,,9,0,"02/24/2023",0
"MS-W1839",,"","",20,0,0,20,,15,0,"08/31/2023",0
"MS-W2130",,"","",15,0,0,15,,4,0,"03/08/2024",0
"MS-W2136",,"","",22,0,0,22,,10,0,"08/31/2023",0
"MS-W2139",,"","",17,0,0,17,,11,0,"04/07/2023",0
"MS-W2412",,"","",-48,0,0,-48,,59,0,"03/09/2024",0
"MS-W2415",,"","",3,0,0,3,,1,0,"11/04/2023",0
"MS-W2418",,"","",4,0,0,4,,141,0,"09/05/2023",0
"MS-W241824",,"","",0,0,0,0,,0,0,,0
"MS-W2421",,"","",7,0,0,7,,4,0,"09/19/2023",0
"MS-W2424",,"","",0,0,0,0,,5,0,"08/12/2023",0
"MS-W2430",,"","",32,0,0,32,,14,0,"04/17/2023",7
"MS-W2436",,"","",10,0,0,10,,22,0,"03/08/2024",0
"MS-W2439",,"","",44,0,0,44,,7,0,"09/19/2023",7
"MS-W2730",,"","",18,0,0,18,,20,0,"03/28/2023",7
"MS-W2736",,"","",0,0,0,0,,76,0,"01/24/2023",0
"MS-W2739",,"","",25,0,0,25,,27,0,"03/02/2023",0
"MS-W3012",,"","",45,0,0,45,,27,0,"11/07/2023",0
"MS-W301224",,"","",2,0,0,2,,0,0,,0
"MS-W3015",,"","",36,0,0,36,,7,0,"05/24/2023",0
"MS-W301524",,"","",5,0,0,5,,4,0,"08/28/2023",0
"MS-W3018",,"","",24,0,0,24,,50,0,"02/24/2023",7
"MS-W301824",,"","",7,0,0,7,,1,0,"07/08/2023",0
"MS-W3021",,"","",51,0,0,51,,58,0,"07/08/2023",0
"MS-W302124",,"","",11,0,0,11,,8,0,"07/08/2023",0
"MS-W3024",,"","",16,0,0,16,,15,0,"08/28/2023",0
"MS-W302424",,"","",1,0,0,1,,0,0,,0
"MS-W3030",,"","",45,0,0,45,,26,0,"06/22/2023",14
"MS-W3036",,"","",28,0,0,28,,3,0,"07/11/2023",0
"MS-W3039",,"","",42,0,0,42,,38,0,"07/08/2023",0
"MS-W3312",,"","",3,0,0,3,,3,0,"08/12/2023",0
"MS-W331224",,"","",4,0,0,4,,0,0,,0
"MS-W3315",,"","",6,0,0,6,,0,0,,0
"MS-W331524",,"","",1,0,0,1,,0,0,,0
"MS-W3318",,"","",17,0,0,17,,0,0,,0
"MS-W331824",,"","",4,0,0,4,,1,0,"03/08/2024",0
"MS-W3321",,"","",7,0,0,7,,5,0,"08/12/2023",0
"MS-W332124",,"","",7,0,0,7,,0,0,,0
"MS-W3324",,"","",6,0,0,6,,0,0,,0
"MS-W332424",,"","",0,0,0,0,,6,0,"08/12/2023",0
"MS-W3330",,"","",4,0,0,4,,16,0,"11/13/2023",0
"MS-W3336",,"","",14,0,0,14,,13,0,"07/11/2023",0
"MS-W3339",,"","",28,0,0,28,,12,0,"08/31/2023",0
"MS-W3612",,"","",13,0,0,13,,6,0,"08/02/2023",0
"MS-W361224",,"","",9,0,0,9,,2,0,"03/08/2024",0
"MS-W3615",,"","",5,0,0,5,,2,0,"03/08/2024",0
"MS-W361524",,"","",8,0,0,8,,0,0,,0
"MS-W3618",,"","",6,0,0,6,,0,0,,0
"MS-W361824",,"","",28,0,0,28,,0,0,,0
"MS-W3621",,"","",12,0,0,12,,0,0,,0
"MS-W362124",,"","",20,0,0,20,,9,0,"11/13/2023",0
"MS-W3624",,"","",7,0,0,7,,0,0,,0
"MS-W362424",,"","",5,0,0,5,,1,0,"03/08/2024",0
"MS-W3630",,"","",30,0,0,30,,8,0,"03/08/2024",0
"MS-W3636",,"","",9,0,0,9,,23,0,"08/31/2023",0
"MS-W3639",,"","",25,0,0,25,,13,0,"07/08/2023",0
"MS-WBC2730",,"","",2,0,0,2,,0,0,,0
"MS-WBC2736",,"","",0,0,0,0,,0,0,,0
"MS-WBC2739",,"","",0,0,0,0,,2,0,"09/19/2023",0
"MS-WDC2430",,"","",22,0,0,22,,3,0,"03/08/2024",0
"MS-WDC2436",,"","",18,0,0,18,,1,0,"03/08/2024",0
"MS-WDC2439",,"","",28,0,0,28,,19,0,"08/31/2023",0
"MS-WEA1230",,"","",2,0,0,2,,0,0,,0
"MS-WEA1236",,"","",4,0,0,4,,2,0,"03/08/2024",0
"MS-WEA1239",,"","",6,0,0,6,,2,0,"08/28/2023",0
"MS-WES630",,"","",6,0,0,6,,0,0,,0
"MS-WES636",,"","",5,0,0,5,,1,0,"03/08/2024",0
"MS-WES639",,"","",5,0,0,5,,1,0,"03/08/2024",0
"MS-WES930",,"","",2,0,0,2,,0,0,,0
"MS-WES936",,"","",5,0,0,5,,0,0,,0
"MS-WES939",,"","",6,0,0,6,,0,0,,0
"MS-WF330",,"","",-13,0,0,-13,,51,0,"10/28/2021",0
"MS-WF336",,"","",26,0,0,26,,42,0,"07/11/2023",0
"MS-WF339",,"","",64,0,0,64,,48,0,"08/31/2023",0
"MS-WF396",,"","",52,0,0,52,,31,0,"03/21/2023",0
"MS-WF630",,"","",-7,0,0,-7,,20,0,"11/18/2023",0
"MS-WF636",,"","",6,0,0,6,,7,0,"08/31/2023",0
"MS-WF639",,"","",22,0,0,22,,2,0,"08/31/2023",0
"MS-WF696",,"","",33,0,0,33,,32,0,"01/11/2023",0
"MS-WFF330",,"","",0,0,0,0,,0,0,,0
"MS-WFF336",,"","",0,0,0,0,,0,0,,0
"MS-WFF339",,"","",0,0,0,0,,0,0,,0
"MS-WRC3018",,"","",5,0,0,5,,0,0,,0
"MS-WRP1230",,"","",24,0,0,24,,0,0,,0
"MS-WRP1236",,"","",4,0,0,4,,3,0,"01/24/2024",0
"MS-WRP1239",,"","",8,0,0,8,,0,0,,0
"MY-B09",,"","",-3,0,0,-3,,0,0,,0
"MY-B12",,"","",-2,0,0,-2,,3,0,"03/07/2024",0
"MY-B15",,"","",1,0,0,1,,5,0,"04/20/2023",0
"MY-B18",,"","",-4,0,0,-4,,4,0,"07/07/2023",0
"MY-B21",,"","",-4,0,0,-4,,7,0,"07/07/2023",0
"MY-B24",,"","",-8,0,0,-8,,6,0,"04/20/2023",0
"MY-B27",,"","",0,0,0,0,,0,0,,0
"MY-B30",,"","",-2,0,0,-2,,3,0,"03/08/2024",0
"MY-B33",,"","",0,0,0,0,,0,0,,0
"MY-B36",,"","",0,0,0,0,,0,0,,0
"MY-BBC36",,"","",1,0,0,1,,0,0,,0
"MY-BBC42",,"","",1,0,0,1,,0,0,,0
"MY-BBM",,"","",1,0,0,1,,0,0,,0
"MY-BEA2412-L",,"","",0,0,0,0,,0,0,,0
"MY-BEA2412-R",,"","",0,0,0,0,,0,0,,0
"MY-BEA2424",,"","",0,0,0,0,,0,0,,0
"MY-BEOS6",,"","",0,0,0,0,,0,0,,0
"MY-BEOS9",,"","",0,0,0,0,,0,0,,0
"MY-BF3",,"","",10,0,0,10,,3,0,"05/03/2023",0
"MY-BF6",,"","",10,0,0,10,,4,0,"03/07/2024",0
"MY-BMB",,"","",0,0,0,0,,0,0,,0
"MY-BMC30",,"","",0,0,0,0,,0,0,,0
"MY-BRP2430",,"","",3,0,0,3,,1,0,"08/12/2023",0
"MY-BSR9",,"","",-2,0,0,-2,,4,0,"03/07/2024",0
"MY-CM2 3/4",,"","",4,0,0,4,,0,0,,0
"MY-CM8",,"","",5,0,0,5,,5,0,"03/08/2024",0
"MY-DB12",,"","",0,0,0,0,,0,0,,0
"MY-DB15",,"","",0,0,0,0,,0,0,,0
"MY-DB18",,"","",0,0,0,0,,0,0,,0
"MY-DB21",,"","",0,0,0,0,,0,0,,0
"MY-DB24",,"","",0,0,0,0,,0,0,,0
"MY-DB30",,"","",0,0,0,0,,0,0,,0
"MY-DB36",,"","",0,0,0,0,,0,0,,0
"MY-DDB30",,"","",0,0,0,0,,0,0,,0
"MY-DDB36",,"","",0,0,0,0,,0,0,,0
"MY-DWP",,"","",3,0,0,3,,1,0,"05/03/2023",0
"MY-FSB33",,"","",0,0,0,0,,0,0,,0
"MY-FSB39",,"","",0,0,0,0,,0,0,,0
"MY-GW1530-BOX",,"","",0,0,0,0,,0,0,,0
"MY-GW1530-GLASS DOOR",,"","",0,0,0,0,,0,0,,0
"MY-GW1536-BOX",,"","",0,0,0,0,,0,0,,0
"MY-GW1536-GLASS DOOR",,"","",0,0,0,0,,0,0,,0
"MY-GW1539-BOX",,"","",0,0,0,0,,0,0,,0
"MY-GW1539-GLASS DOOR",,"","",0,0,0,0,,0,0,,0
"MY-GW1830-BOX",,"","",0,0,0,0,,0,0,,0
"MY-GW1830-GLASS DOOR",,"","",0,0,0,0,,0,0,,0
"MY-GW1836-BOX",,"","",0,0,0,0,,0,0,,0
"MY-GW1836-GLASS DOOR",,"","",0,0,0,0,,0,0,,0
"MY-GW1839-BOX",,"","",-1,0,0,-1,,2,0,"07/21/2023",0
"MY-GW1839-GLASS DOOR",,"","",0,0,0,0,,2,0,"07/21/2023",0
"MY-GW2430-BOX",,"","",0,0,0,0,,0,0,,0
"MY-GW2430-GLASS DOOR",,"","",0,0,0,0,,0,0,,0
"MY-GW2436-BOX",,"","",0,0,0,0,,0,0,,0
"MY-GW2436-GLASS DOOR",,"","",0,0,0,0,,0,0,,0
"MY-GW2439-BOX",,"","",0,0,0,0,,0,0,,0
"MY-GW2439-GLASS DOOR",,"","",0,0,0,0,,0,0,,0
"MY-GW3030-BOX",,"","",0,0,0,0,,0,0,,0
"MY-GW3030-GLASS DOOR",,"","",0,0,0,0,,0,0,,0
"MY-GW3036-BOX",,"","",0,0,0,0,,0,0,,0
"MY-GW3036-GLASS DOOR",,"","",0,0,0,0,,0,0,,0
"MY-GW3039-BOX",,"","",0,0,0,0,,2,0,"07/21/2023",0
"MY-GW3039-GLASS DOOR",,"","",0,0,0,0,,2,0,"07/21/2023",0
"MY-GW3630-BOX",,"","",0,0,0,0,,0,0,,0
"MY-GW3630-GLASS DOOR",,"","",0,0,0,0,,0,0,,0
"MY-GW3636-BOX",,"","",0,0,0,0,,0,0,,0
"MY-GW3636-GLASS DOOR",,"","",0,0,0,0,,0,0,,0
"MY-GW3639-BOX",,"","",0,0,0,0,,1,0,"11/30/2023",0
"MY-GW3639-GLASS DOOR",,"","",0,0,0,0,,0,0,,0
"MY-GWDC2430-BOX",,"","",0,0,0,0,,0,0,,0
"MY-GWDC2430-GLASS DOOR",,"","",0,0,0,0,,0,0,,0
"MY-GWDC2436-BOX",,"","",0,0,0,0,,0,0,,0
"MY-GWDC2436-GLASS DOOR",,"","",5,0,0,5,,0,0,,0
"MY-GWDC2439-BOX",,"","",-1,0,0,-1,,0,0,,0
"MY-GWDC2439-GLASS DOOR",,"","",-2,0,0,-2,,0,0,,0
"MY-LSB33",,"","",0,0,0,0,,0,0,,0
"MY-LSB36",,"","",-3,0,0,-3,,4,0,"03/07/2024",0
"MY-MWC2730",,"","",0,0,0,0,,0,0,,0
"MY-MWC2736",,"","",0,0,0,0,,0,0,,0
"MY-MWC2739",,"","",0,0,0,0,,0,0,,0
"MY-MWC3030",,"","",0,0,0,0,,0,0,,0
"MY-MWC3036",,"","",0,0,0,0,,0,0,,0
"MY-MWC3039",,"","",0,0,0,0,,0,0,,0
"MY-OC3384",,"","",0,0,0,0,,0,0,,0
"MY-OC3390",,"","",0,0,0,0,,0,0,,0
"MY-OC3393",,"","",0,0,0,0,,0,0,,0
"MY-OCM8",,"","",5,0,0,5,,1,0,"03/08/2024",0
"MY-PC1884",,"","",-2,0,0,-2,,0,0,,0
"MY-PC1890",,"","",-1,0,0,-1,,2,0,"03/07/2024",0
"MY-PC1893",,"","",-2,0,0,-2,,2,0,"03/08/2024",0
"MY-PC2484",,"","",-1,0,0,-1,,1,0,"07/07/2023",0
"MY-PC2490",,"","",0,0,0,0,,0,0,,0
"MY-PC2493",,"","",-2,0,0,-2,,0,0,,0
"MY-PC3084",,"","",0,0,0,0,,0,0,,0
"MY-PC3090",,"","",0,0,0,0,,0,0,,0
"MY-PC3093",,"","",0,0,0,0,,0,0,,0
"MY-PN4896",,"","",9,0,0,9,,0,0,,0
"MY-PRC3018",,"","",0,0,0,0,,0,0,,0
"MY-RC58",,"","",1,0,0,1,,0,0,,0
"MY-REF2496",,"","",5,0,0,5,,7,0,"02/16/2023",0
"MY-REF3096",,"","",0,0,0,0,,0,0,,0
"MY-SAMPLE DOOR",,"","",4,0,0,4,,110,0,"09/26/2022",0
"MY-SB27",,"","",0,0,0,0,,0,0,,0
"MY-SB30",,"","",0,0,0,0,,0,0,,0
"MY-SB33",,"","",0,0,0,0,,2,0,"03/07/2024",0
"MY-SB36",,"","",-3,0,0,-3,,2,0,"05/03/2023",0
"MY-SBA36",,"","",-2,0,0,-2,,1,0,"07/07/2023",0
"MY-SHG30",,"","",0,0,0,0,,0,0,,0
"MY-SM8",,"","",7,0,0,7,,0,0,,0
"MY-SP3*34.5",,"","",0,0,0,0,,0,0,,0
"MY-TK",,"","",7,0,0,7,,11,0,"02/16/2023",0
"MY-TOUCH UP KIT",,"","",25,0,0,25,,0,0,,0
"MY-VA2421",,"","",0,0,0,0,,0,0,,0
"MY-VA3021",,"","",0,0,0,0,,0,0,,0
"MY-VA3621",,"","",0,0,0,0,,0,0,,0
"MY-VAD3021-L",,"","",0,0,0,0,,0,0,,0
"MY-VAD3021-R",,"","",0,0,0,0,,0,0,,0
"MY-VAD3621-L",,"","",0,0,0,0,,0,0,,0
"MY-VAD3621-R",,"","",0,0,0,0,,0,0,,0
"MY-VAD4821",,"","",0,0,0,0,,0,0,,0
"MY-VAS36",,"","",2,0,0,2,,0,0,,0
"MY-VAS48",,"","",7,0,0,7,,0,0,,0
"MY-VAS72",,"","",0,0,0,0,,0,0,,0
"MY-VDB12",,"","",0,0,0,0,,0,0,,0
"MY-VDB15",,"","",0,0,0,0,,0,0,,0
"MY-W0930",,"","",-1,0,0,-1,,0,0,,0
"MY-W0936",,"","",0,0,0,0,,0,0,,0
"MY-W0939",,"","",0,0,0,0,,0,0,,0
"MY-W1230",,"","",0,0,0,0,,0,0,,0
"MY-W1236",,"","",0,0,0,0,,0,0,,0
"MY-W1239",,"","",0,0,0,0,,0,0,,0
"MY-W1530",,"","",0,0,0,0,,0,0,,0
"MY-W1536",,"","",0,0,0,0,,0,0,,0
"MY-W1539",,"","",1,0,0,1,,0,0,,0
"MY-W1830",,"","",0,0,0,0,,0,0,,0
"MY-W1836",,"","",0,0,0,0,,0,0,,0
"MY-W1839",,"","",-2,0,0,-2,,3,0,"07/24/2023",0
"MY-W2130",,"","",-4,0,0,-4,,3,0,"07/07/2023",0
"MY-W2136",,"","",0,0,0,0,,0,0,,0
"MY-W2139",,"","",0,0,0,0,,0,0,,0
"MY-W2412",,"","",0,0,0,0,,0,0,,0
"MY-W2415",,"","",0,0,0,0,,0,0,,0
"MY-W2418",,"","",0,0,0,0,,0,0,,0
"MY-W2421",,"","",0,0,0,0,,0,0,,0
"MY-W2424",,"","",-1,0,0,-1,,2,0,"03/07/2024",0
"MY-W2430",,"","",-2,0,0,-2,,0,0,,0
"MY-W2436",,"","",0,0,0,0,,0,0,,0
"MY-W2439",,"","",0,0,0,0,,0,0,,0
"MY-W2730",,"","",-4,0,0,-4,,6,0,"03/07/2024",0
"MY-W2736",,"","",0,0,0,0,,0,0,,0
"MY-W2739",,"","",-1,0,0,-1,,1,0,"03/08/2024",0
"MY-W3012",,"","",0,0,0,0,,0,0,,0
"MY-W301224",,"","",0,0,0,0,,0,0,,0
"MY-W3015",,"","",-2,0,0,-2,,1,0,"05/03/2023",0
"MY-W301524",,"","",0,0,0,0,,0,0,,0
"MY-W3018",,"","",-1,0,0,-1,,2,0,"07/07/2023",0
"MY-W301824",,"","",0,0,0,0,,0,0,,0
"MY-W3021",,"","",1,0,0,1,,1,0,"07/21/2023",0
"MY-W302124",,"","",0,0,0,0,,0,0,,0
"MY-W3024",,"","",1,0,0,1,,0,0,,0
"MY-W302424",,"","",0,0,0,0,,0,0,,0
"MY-W3030",,"","",0,0,0,0,,1,0,"07/07/2023",0
"MY-W3036",,"","",1,0,0,1,,0,0,,0
"MY-W3039",,"","",-2,0,0,-2,,2,0,"03/08/2024",0
"MY-W3312",,"","",0,0,0,0,,0,0,,0
"MY-W331224",,"","",0,0,0,0,,0,0,,0
"MY-W3315",,"","",0,0,0,0,,0,0,,0
"MY-W331524",,"","",0,0,0,0,,0,0,,0
"MY-W3318",,"","",0,0,0,0,,0,0,,0
"MY-W331824",,"","",0,0,0,0,,0,0,,0
"MY-W3321",,"","",0,0,0,0,,0,0,,0
"MY-W332124",,"","",2,0,0,2,,0,0,,0
"MY-W3324",,"","",0,0,0,0,,0,0,,0
"MY-W332424",,"","",0,0,0,0,,0,0,,0
"MY-W3330",,"","",-1,0,0,-1,,1,0,"07/07/2023",0
"MY-W3336",,"","",0,0,0,0,,0,0,,0
"MY-W3339",,"","",1,0,0,1,,0,0,,0
"MY-W3612",,"","",0,0,0,0,,0,0,,0
"MY-W361224",,"","",0,0,0,0,,0,0,,0
"MY-W3615",,"","",0,0,0,0,,0,0,,0
"MY-W361524",,"","",0,0,0,0,,0,0,,0
"MY-W3618",,"","",1,0,0,1,,0,0,,0
"MY-W361824",,"","",0,0,0,0,,1,0,"01/26/2024",0
"MY-W3621",,"","",0,0,0,0,,0,0,,0
"MY-W362124",,"","",-1,0,0,-1,,1,0,"03/08/2024",0
"MY-W3624",,"","",-2,0,0,-2,,0,0,,0
"MY-W362424",,"","",0,0,0,0,,0,0,,0
"MY-W3630",,"","",-2,0,0,-2,,1,0,"07/21/2023",0
"MY-W3636",,"","",0,0,0,0,,0,0,,0
"MY-W3639",,"","",-1,0,0,-1,,1,0,"03/08/2024",0
"MY-WBC2730",,"","",0,0,0,0,,0,0,,0
"MY-WBC2736",,"","",0,0,0,0,,0,0,,0
"MY-WBC2739",,"","",1,0,0,1,,0,0,,0
"MY-WDC2430",,"","",-1,0,0,-1,,1,0,"07/07/2023",0
"MY-WDC2436",,"","",0,0,0,0,,0,0,,0
"MY-WDC2439",,"","",-1,0,0,-1,,1,0,"03/08/2024",0
"MY-WEA1230",,"","",0,0,0,0,,0,0,,0
"MY-WEA1236",,"","",0,0,0,0,,0,0,,0
"MY-WEA1239",,"","",0,0,0,0,,0,0,,0
"MY-WES630",,"","",0,0,0,0,,0,0,,0
"MY-WES636",,"","",0,0,0,0,,0,0,,0
"MY-WES639",,"","",-1,0,0,-1,,1,0,"09/12/2023",0
"MY-WES930",,"","",0,0,0,0,,0,0,,0
"MY-WES936",,"","",0,0,0,0,,0,0,,0
"MY-WES939",,"","",0,0,0,0,,0,0,,0
"MY-WF330",,"","",10,0,0,10,,1,0,"05/03/2023",0
"MY-WF336",,"","",5,0,0,5,,0,0,,0
"MY-WF339",,"","",12,0,0,12,,3,0,"07/21/2023",0
"MY-WF396",,"","",7,0,0,7,,0,0,,0
"MY-WF630",,"","",8,0,0,8,,4,0,"03/07/2024",0
"MY-WF636",,"","",9,0,0,9,,0,0,,0
"MY-WF639",,"","",1,0,0,1,,0,0,,0
"MY-WF696",,"","",6,0,0,6,,6,0,"03/07/2024",0
"MY-WFF330",,"","",0,0,0,0,,0,0,,0
"MY-WFF336",,"","",0,0,0,0,,0,0,,0
"MY-WFF339",,"","",0,0,0,0,,0,0,,0
"MY-WRC3018",,"","",0,0,0,0,,0,0,,0
"MY-WRP1230",,"","",1,0,0,1,,0,0,,0
"MY-WRP1236",,"","",3,0,0,3,,0,0,,0
"MY-WRP1239",,"","",0,0,0,0,,0,0,,0
"R4-B09",,"","",0,0,0,0,,0,0,,0
"R4-B12",,"","",-3,0,0,-3,,2,0,"04/07/2023",0
"R4-B15",,"","",0,0,0,0,,0,0,,0
"R4-B18",,"","",-3,0,0,-3,,0,0,,0
"R4-B21",,"","",-1,0,0,-1,,0,0,,0
"R4-B24",,"","",0,0,0,0,,0,0,,0
"R4-B27",,"","",1,0,0,1,,0,0,,0
"R4-B30",,"","",1,0,0,1,,0,0,,0
"R4-B33",,"","",0,0,0,0,,0,0,,0
"R4-B36",,"","",-1,0,0,-1,,1,0,"01/13/2023",0
"R4-BBC36",,"","",0,0,0,0,,0,0,,0
"R4-BBC42",,"","",0,0,0,0,,0,0,,0
"R4-BEA12-L",,"","",0,0,0,0,,0,0,,0
"R4-BEA12-R",,"","",0,0,0,0,,0,0,,0
"R4-BEA2424",,"","",0,0,0,0,,0,0,,0
"R4-BEOS6",,"","",-3,0,0,-3,,0,0,,0
"R4-BEOS9",,"","",3,0,0,3,,0,0,,0
"R4-BF3",,"","",4,0,0,4,,0,0,,0
"R4-BF6",,"","",5,0,0,5,,5,0,"10/28/2021",0
"R4-BMB",,"","",10,0,0,10,,0,0,,0
"R4-BRP2430",,"","",11,0,0,11,,0,0,,0
"R4-BSR9",,"","",0,0,0,0,,0,0,,0
"R4-CM2 3/4",,"","",-3,0,0,-3,,0,0,,0
"R4-CM8",,"","",3,0,0,3,,0,0,,0
"R4-DB12",,"","",0,0,0,0,,0,0,,0
"R4-DB15",,"","",0,0,0,0,,0,0,,0
"R4-DB18",,"","",0,0,0,0,,0,0,,0
"R4-DB21",,"","",0,0,0,0,,0,0,,0
"R4-DB24",,"","",0,0,0,0,,0,0,,0
"R4-DWP",,"","",2,0,0,2,,0,0,,0
"R4-GRPO",,"","",-7,0,0,-7,,0,0,,0
"R4-GW1530-BOX",,"","",0,0,0,0,,0,0,,0
"R4-GW1530-GLASS DOOR",,"","",0,0,0,0,,0,0,,0
"R4-GW1539-BOX",,"","",0,0,0,0,,0,0,,0
"R4-GW1539-GLASS DOOR",,"","",0,0,0,0,,0,0,,0
"R4-GW1830-BOX",,"","",0,0,0,0,,0,0,,0
"R4-GW1830-GLASS DOOR",,"","",0,0,0,0,,0,0,,0
"R4-GW1839-BOX",,"","",1,0,0,1,,0,0,,0
"R4-GW1839-GLASS DOOR",,"","",-1,0,0,-1,,0,0,,0
"R4-GW2430-BOX",,"","",0,0,0,0,,0,0,,0
"R4-GW2430-GLASS DOOR",,"","",0,0,0,0,,0,0,,0
"R4-GW2439-BOX",,"","",-1,0,0,-1,,0,0,,0
"R4-GW2439-GLASS DOOR",,"","",1,0,0,1,,0,0,,0
"R4-GW3030-BOX",,"","",0,0,0,0,,0,0,,0
"R4-GW3030-GLASS DOOR",,"","",0,0,0,0,,0,0,,0
"R4-GW3039-BOX",,"","",1,0,0,1,,0,0,,0
"R4-GW3039-GLASS DOOR",,"","",0,0,0,0,,0,0,,0
"R4-GW3630-BOX",,"","",0,0,0,0,,0,0,,0
"R4-GW3630-GLASS DOOR",,"","",1,0,0,1,,0,0,,0
"R4-GW3639-BOX",,"","",1,0,0,1,,0,0,,0
"R4-GW3639-GLASS DOOR",,"","",1,0,0,1,,0,0,,0
"R4-GWDC2430-BOX",,"","",1,0,0,1,,0,0,,0
"R4-GWDC2430-GLASS DOOR",,"","",10,0,0,10,,0,0,,0
"R4-GWDC2439-BOX",,"","",1,0,0,1,,0,0,,0
"R4-GWDC2439-GLASS DOOR",,"","",-1,0,0,-1,,0,0,,0
"R4-LSB33",,"","",0,0,0,0,,0,0,,0
"R4-LSB36",,"","",0,0,0,0,,0,0,,0
"R4-MWC2730",,"","",0,0,0,0,,0,0,,0
"R4-MWC2739",,"","",0,0,0,0,,0,0,,0
"R4-MWC3030",,"","",0,0,0,0,,0,0,,0
"R4-MWC3039",,"","",0,0,0,0,,0,0,,0
"R4-OCM8",,"","",0,0,0,0,,0,0,,0
"R4-PC1884",,"","",0,0,0,0,,1,0,"02/22/2023",0
"R4-PC1893",,"","",-1,0,0,-1,,0,0,,0
"R4-PC2484",,"","",0,0,0,0,,0,0,,0
"R4-PC2493",,"","",0,0,0,0,,2,0,"10/28/2021",0
"R4-PN1230",,"","",0,0,0,0,,0,0,,0
"R4-PN2430",,"","",0,0,0,0,,0,0,,0
"R4-PN2493",,"","",0,0,0,0,,0,0,,0
"R4-PN4896 1/4D",,"","",3,0,0,3,,0,0,,0
"R4-PRC3018",,"","",0,0,0,0,,0,0,,0
"R4-RC58",,"","",0,0,0,0,,0,0,,0
"R4-REF2496",,"","",5,0,0,5,,0,0,,0
"R4-ROT18",,"","",0,0,0,0,,0,0,,0
"R4-ROT24",,"","",0,0,0,0,,0,0,,0
"R4-ROT30",,"","",1,0,0,1,,0,0,,0
"R4-SAMPLE DOOR",,"","",0,0,0,0,,0,0,,0
"R4-SB27",,"","",0,0,0,0,,0,0,,0
"R4-SB30",,"","",-2,0,0,-2,,3,0,"04/20/2023",0
"R4-SB33",,"","",1,0,0,1,,0,0,,0
"R4-SB36",,"","",-1,0,0,-1,,1,0,"01/13/2023",0
"R4-SBA36",,"","",0,0,0,0,,0,0,,0
"R4-SHG30",,"","",0,0,0,0,,0,0,,0
"R4-SM8",,"","",-1,0,0,-1,,0,0,,0
"R4-SP3X34.5",,"","",0,0,0,0,,0,0,,0
"R4-TK8",,"","",8,0,0,8,,5,0,"04/07/2023",0
"R4-TOUCH UP",,"","",0,0,0,0,,0,0,,0
"R4-VA2421",,"","",0,0,0,0,,0,0,,0
"R4-VA3021",,"","",0,0,0,0,,0,0,,0
"R4-VA3621",,"","",0,0,0,0,,0,0,,0
"R4-VAD3021-L",,"","",0,0,0,0,,0,0,,0
"R4-VAD3021-R",,"","",0,0,0,0,,0,0,,0
"R4-VAD3621-L",,"","",0,0,0,0,,0,0,,0
"R4-VAD3621-R",,"","",0,0,0,0,,0,0,,0
"R4-VAD4821",,"","",0,0,0,0,,0,0,,0
"R4-VAS36",,"","",0,0,0,0,,0,0,,0
"R4-VAS48",,"","",-1,0,0,-1,,0,0,,0
"R4-VAS72",,"","",1,0,0,1,,0,0,,0
"R4-W0930",,"","",0,0,0,0,,0,0,,0
"R4-W0939",,"","",1,0,0,1,,0,0,,0
"R4-W1230",,"","",0,0,0,0,,0,0,,0
"R4-W1239",,"","",1,0,0,1,,2,0,"04/26/2023",0
"R4-W1530",,"","",0,0,0,0,,0,0,,0
"R4-W1539",,"","",0,0,0,0,,0,0,,0
"R4-W1830",,"","",-1,0,0,-1,,0,0,,0
"R4-W1839",,"","",0,0,0,0,,0,0,,0
"R4-W2130",,"","",2,0,0,2,,0,0,,0
"R4-W2139",,"","",0,0,0,0,,0,0,,0
"R4-W2412",,"","",1,0,0,1,,0,0,,0
"R4-W2415",,"","",2,0,0,2,,0,0,,0
"R4-W2418",,"","",0,0,0,0,,0,0,,0
"R4-W2421",,"","",0,0,0,0,,0,0,,0
"R4-W2424",,"","",0,0,0,0,,0,0,,0
"R4-W2430",,"","",0,0,0,0,,0,0,,0
"R4-W2439",,"","",0,0,0,0,,0,0,,0
"R4-W2730",,"","",0,0,0,0,,0,0,,0
"R4-W2739",,"","",0,0,0,0,,0,0,,0
"R4-W3012",,"","",0,0,0,0,,0,0,,0
"R4-W301224",,"","",0,0,0,0,,0,0,,0
"R4-W3015",,"","",0,0,0,0,,5,0,"10/28/2021",0
"R4-W301524",,"","",0,0,0,0,,0,0,,0
"R4-W3018",,"","",0,0,0,0,,0,0,,0
"R4-W301824",,"","",-3,0,0,-3,,0,0,,0
"R4-W3021",,"","",0,0,0,0,,0,0,,0
"R4-W302124",,"","",0,0,0,0,,0,0,,0
"R4-W3024",,"","",-4,0,0,-4,,3,0,"04/20/2023",0
"R4-W302424",,"","",0,0,0,0,,0,0,,0
"R4-W3030",,"","",0,0,0,0,,0,0,,0
"R4-W3039",,"","",-3,0,0,-3,,3,0,"04/20/2023",0
"R4-W3312",,"","",0,0,0,0,,0,0,,0
"R4-W331224",,"","",0,0,0,0,,0,0,,0
"R4-W3315",,"","",0,0,0,0,,0,0,,0
"R4-W331524",,"","",0,0,0,0,,0,0,,0
"R4-W3318",,"","",0,0,0,0,,0,0,,0
"R4-W331824",,"","",0,0,0,0,,0,0,,0
"R4-W3321",,"","",0,0,0,0,,0,0,,0
"R4-W332124",,"","",0,0,0,0,,0,0,,0
"R4-W3324",,"","",0,0,0,0,,0,0,,0
"R4-W332424",,"","",0,0,0,0,,0,0,,0
"R4-W3330",,"","",0,0,0,0,,0,0,,0
"R4-W3339",,"","",-2,0,0,-2,,2,0,"04/07/2023",0
"R4-W3612",,"","",0,0,0,0,,0,0,,0
"R4-W361224",,"","",0,0,0,0,,0,0,,0
"R4-W3615",,"","",0,0,0,0,,0,0,,0
"R4-W361524",,"","",0,0,0,0,,0,0,,0
"R4-W3618",,"","",0,0,0,0,,0,0,,0
"R4-W361824",,"","",0,0,0,0,,0,0,,0
"R4-W3621",,"","",0,0,0,0,,0,0,,0
"R4-W362124",,"","",0,0,0,0,,0,0,,0
"R4-W3624",,"","",0,0,0,0,,0,0,,0
"R4-W362424",,"","",0,0,0,0,,0,0,,0
"R4-W3630",,"","",0,0,0,0,,0,0,,0
"R4-W3639",,"","",0,0,0,0,,0,0,,0
"R4-WBC2730",,"","",0,0,0,0,,0,0,,0
"R4-WBC2739",,"","",0,0,0,0,,0,0,,0
"R4-WDC2430",,"","",0,0,0,0,,0,0,,0
"R4-WDC2439",,"","",-2,0,0,-2,,2,0,"04/07/2023",0
"R4-WEA1230",,"","",0,0,0,0,,0,0,,0
"R4-WEA1239",,"","",0,0,0,0,,0,0,,0
"R4-WES630",,"","",0,0,0,0,,0,0,,0
"R4-WES639",,"","",0,0,0,0,,0,0,,0
"R4-WES930",,"","",0,0,0,0,,0,0,,0
"R4-WES939",,"","",0,0,0,0,,0,0,,0
"R4-WF330",,"","",8,0,0,8,,0,0,,0
"R4-WF339",,"","",6,0,0,6,,5,0,"04/07/2023",0
"R4-WF396",,"","",1,0,0,1,,10,0,"10/28/2021",0
"R4-WF630",,"","",0,0,0,0,,0,0,,0
"R4-WF639",,"","",6,0,0,6,,0,0,,0
"R4-WF696",,"","",1,0,0,1,,0,0,,0
"R4-WRC3018",,"","",0,0,0,0,,0,0,,0
"R4-WRP1230",,"","",0,0,0,0,,0,0,,0
"R4-WRP1239",,"","",0,0,0,0,,0,0,,0
"SE-B09",,"","",15,0,0,15,,5,0,"09/09/2023",0
"SE-B12",,"","",14,0,0,14,,23,0,"01/19/2023",0
"SE-B15",,"","",13,0,0,13,,32,0,"03/24/2023",0
"SE-B18",,"","",18,0,0,18,,27,0,"02/16/2023",0
"SE-B21",,"","",8,0,0,8,,5,0,"03/22/2023",0
"SE-B24",,"","",27,0,0,27,,21,0,"10/08/2021",0
"SE-B27",,"","",10,0,0,10,,11,0,"02/11/2023",0
"SE-B30",,"","",15,0,0,15,,10,0,"02/11/2023",0
"SE-B33",,"","",12,0,0,12,,0,0,,0
"SE-B36",,"","",13,0,0,13,,9,0,"10/08/2021",0
"SE-BBC36",,"","",7,0,0,7,,2,0,"10/07/2023",0
"SE-BBC42",,"","",5,0,0,5,,3,0,"05/12/2023",0
"SE-BBM",,"","",23,0,0,23,,0,0,,0
"SE-BEA12-L",,"","",5,0,0,5,,0,0,,0
"SE-BEA12-R",,"","",4,0,0,4,,0,0,,0
"SE-BEA2424-L/R",,"","",7,0,0,7,,0,0,,0
"SE-BEOS6",,"","",3,0,0,3,,0,0,,0
"SE-BEOS9",,"","",3,0,0,3,,0,0,,0
"SE-BF3",,"","",39,0,0,39,,35,0,"10/08/2021",0
"SE-BF6",,"","",9,0,0,9,,0,0,,0
"SE-BFF3",,"","",0,0,0,0,,0,0,,0
"SE-BMC30",,"","",5,0,0,5,,0,0,,0
"SE-BRP2430",,"","",19,0,0,19,,4,0,"04/20/2023",0
"SE-BSR9",,"","",4,0,0,4,,0,0,,0
"SE-CM2-C",,"","",108,0,0,108,,0,0,,0
"SE-CM2 3/4",,"","",-6,0,0,-6,,0,0,,0
"SE-CM8",,"","",-1,0,0,-1,,30,0,"01/10/2023",0
"SE-CM8-S",,"","",16,0,0,16,,15,0,"12/01/2023",0
"SE-DB12",,"","",1,0,0,1,,3,0,"11/13/2023",0
"SE-DB15",,"","",4,0,0,4,,0,0,,0
"SE-DB18",,"","",7,0,0,7,,0,0,,0
"SE-DB21",,"","",8,0,0,8,,0,0,,0
"SE-DB24",,"","",1,0,0,1,,7,0,"03/22/2023",0
"SE-DB30",,"","",4,0,0,4,,4,0,"11/07/2023",0
"SE-DB36",,"","",5,0,0,5,,0,0,,0
"SE-DDB30",,"","",3,0,0,3,,0,0,,0
"SE-DDB36",,"","",3,0,0,3,,0,0,,0
"SE-DWP",,"","",29,0,0,29,,11,0,"04/19/2023",0
"SE-FSB33",,"","",0,0,0,0,,3,0,"08/04/2023",0
"SE-FSB39",,"","",0,0,0,0,,2,0,"03/08/2024",0
"SE-GW1530-BOX",,"","",6,0,0,6,,0,0,,0
"SE-GW1530-GLASS DOOR",,"","",5,0,0,5,,0,0,,0
"SE-GW1536-BOX",,"","",5,0,0,5,,0,0,,0
"SE-GW1536-GLASS DOOR",,"","",6,0,0,6,,0,0,,0
"SE-GW1539-BOX",,"","",5,0,0,5,,0,0,,0
"SE-GW1539-GLASS DOOR",,"","",4,0,0,4,,0,0,,0
"SE-GW1830-BOX",,"","",4,0,0,4,,0,0,,0
"SE-GW1830-GLASS DOOR",,"","",2,0,0,2,,0,0,,0
"SE-GW1836-BOX",,"","",3,0,0,3,,0,0,,0
"SE-GW1836-GLASS DOOR",,"","",4,0,0,4,,0,0,,0
"SE-GW1839-BOX",,"","",3,0,0,3,,0,0,,0
"SE-GW1839-GLASS DOOR",,"","",3,0,0,3,,0,0,,0
"SE-GW2430-BOX",,"","",5,0,0,5,,0,0,,0
"SE-GW2430-GLASS DOOR",,"","",10,0,0,10,,0,0,,0
"SE-GW2436-BOX",,"","",5,0,0,5,,0,0,,0
"SE-GW2436-GLASS DOOR",,"","",8,0,0,8,,2,0,"10/03/2023",0
"SE-GW2439-BOX",,"","",2,0,0,2,,0,0,,0
"SE-GW2439-GLASS DOOR",,"","",7,0,0,7,,0,0,,0
"SE-GW3030-BOX",,"","",5,0,0,5,,2,0,"08/16/2023",0
"SE-GW3030-GLASS DOOR",,"","",10,0,0,10,,0,0,,0
"SE-GW3036-BOX",,"","",4,0,0,4,,0,0,,0
"SE-GW3036-GLASS DOOR",,"","",12,0,0,12,,0,0,,0
"SE-GW3039-BOX",,"","",0,0,0,0,,2,0,"01/18/2024",0
"SE-GW3039-GLASS DOOR",,"","",6,0,0,6,,1,0,"11/13/2023",0
"SE-GW3630-BOX",,"","",3,0,0,3,,0,0,,0
"SE-GW3630-GLASS DOOR",,"","",5,0,0,5,,0,0,,0
"SE-GW3636-BOX",,"","",3,0,0,3,,0,0,,0
"SE-GW3636-GLASS DOOR",,"","",11,0,0,11,,0,0,,0
"SE-GW3639-BOX",,"","",3,0,0,3,,0,0,,0
"SE-GW3639-GLASS DOOR",,"","",7,0,0,7,,0,0,,0
"SE-GWDC2430-BOX",,"","",5,0,0,5,,0,0,,0
"SE-GWDC2430-GLASS DOOR",,"","",5,0,0,5,,0,0,,0
"SE-GWDC2436-BOX",,"","",6,0,0,6,,0,0,,0
"SE-GWDC2436-GLASS DOOR",,"","",4,0,0,4,,0,0,,0
"SE-GWDC2439-BOX",,"","",5,0,0,5,,0,0,,0
"SE-GWDC2439-GLASS DOOR",,"","",5,0,0,5,,0,0,,0
"SE-LM8",,"","",38,0,0,38,,0,0,,0
"SE-LSB33",,"","",3,0,0,3,,0,0,,0
"SE-LSB36",,"","",9,0,0,9,,2,0,"05/12/2023",0
"SE-MWC2730",,"","",3,0,0,3,,0,0,,0
"SE-MWC2736",,"","",1,0,0,1,,0,0,,0
"SE-MWC2739",,"","",4,0,0,4,,0,0,,0
"SE-MWC3030",,"","",6,0,0,6,,0,0,,0
"SE-MWC3036",,"","",1,0,0,1,,0,0,,0
"SE-MWC3039",,"","",1,0,0,1,,2,0,"04/20/2023",0
"SE-OC3384",,"","",1,0,0,1,,0,0,,0
"SE-OC3390",,"","",0,0,0,0,,0,0,,0
"SE-OC3393",,"","",0,0,0,0,,0,0,,0
"SE-OCM8",,"","",23,0,0,23,,0,0,,0
"SE-ONL-RB3*3",,"","",0,0,0,0,,0,0,,0
"SE-PC1884",,"","",4,0,0,4,,0,0,,7
"SE-PC1890",,"","",4,0,0,4,,1,0,"11/13/2023",0
"SE-PC1893",,"","",4,0,0,4,,1,0,"11/13/2023",0
"SE-PC2484",,"","",5,0,0,5,,0,0,,0
"SE-PC2490",,"","",5,0,0,5,,1,0,"04/20/2023",0
"SE-PC2493",,"","",5,0,0,5,,0,0,,0
"SE-PC3084",,"","",3,0,0,3,,0,0,,0
"SE-PC3090",,"","",4,0,0,4,,0,0,,0
"SE-PC3093",,"","",1,0,0,1,,0,0,,0
"SE-PN4896",,"","",24,0,0,24,,21,0,"02/17/2023",0
"SE-PRC3018",,"","",4,0,0,4,,0,0,,0
"SE-RC58",,"","",4,0,0,4,,0,0,,0
"SE-REF2496",,"","",27,0,0,27,,4,0,"11/13/2023",0
"SE-REF3096",,"","",9,0,0,9,,0,0,,0
"SE-ROT18",,"","",0,0,0,0,,0,0,,0
"SE-ROT24",,"","",0,0,0,0,,0,0,,0
"SE-ROT30",,"","",0,0,0,0,,0,0,,0
"SE-ROT33",,"","",2,0,0,2,,0,0,,0
"SE-ROT36",,"","",0,0,0,0,,0,0,,0
"SE-SAMPLE DOOR",,"","",67,0,0,67,,0,0,,0
"SE-SB27",,"","",5,0,0,5,,0,0,,0
"SE-SB30",,"","",14,0,0,14,,13,0,"03/27/2023",0
"SE-SB33",,"","",9,0,0,9,,22,0,"02/16/2023",0
"SE-SB36",,"","",16,0,0,16,,2,0,"11/13/2023",0
"SE-SBA36",,"","",22,0,0,22,,9,0,"11/13/2023",0
"SE-SHG30",,"","",5,0,0,5,,1,0,"09/09/2023",0
"SE-SM8",,"","",10,0,0,10,,3,0,"03/08/2024",0
"SE-SOB",,"","",11,0,0,11,,0,0,,0
"SE-SP3*34.5",,"","",8,0,0,8,,0,0,,0
"SE-TK8",,"","",44,0,0,44,,76,0,"10/08/2021",0
"SE-TOUCH UP",,"","",15,0,0,15,,0,0,,0
"SE-VA2421",,"","",0,0,0,0,,1,0,"09/08/2023",0
"SE-VA3021",,"","",5,0,0,5,,1,0,"03/20/2023",0
"SE-VA3621",,"","",2,0,0,2,,0,0,,0
"SE-VAD3021-L",,"","",2,0,0,2,,2,0,"10/06/2023",0
"SE-VAD3021-R",,"","",3,0,0,3,,0,0,,0
"SE-VAD3621-L",,"","",2,0,0,2,,1,0,"01/29/2024",0
"SE-VAD3621-R",,"","",5,0,0,5,,0,0,,0
"SE-VAD4821",,"","",3,0,0,3,,1,0,"09/09/2023",0
"SE-VAS36",,"","",8,0,0,8,,0,0,,0
"SE-VAS48",,"","",10,0,0,10,,0,0,,0
"SE-VAS72",,"","",4,0,0,4,,0,0,,0
"SE-VDB12",,"","",2,0,0,2,,0,0,,0
"SE-VDB15",,"","",0,0,0,0,,1,0,"03/08/2024",0
"SE-W0930",,"","",5,0,0,5,,1,0,"11/13/2023",0
"SE-W0936",,"","",6,0,0,6,,0,0,,0
"SE-W0939",,"","",8,0,0,8,,0,0,,0
"SE-W1230",,"","",12,0,0,12,,10,0,"03/24/2023",0
"SE-W1236",,"","",7,0,0,7,,0,0,,0
"SE-W1239",,"","",13,0,0,13,,0,0,,0
"SE-W1530",,"","",9,0,0,9,,17,0,"02/17/2023",0
"SE-W1536",,"","",11,0,0,11,,1,0,"03/23/2023",0
"SE-W1539",,"","",8,0,0,8,,0,0,,0
"SE-W1830",,"","",11,0,0,11,,2,0,"04/19/2023",0
"SE-W1836",,"","",10,0,0,10,,4,0,"10/07/2023",0
"SE-W1839",,"","",5,0,0,5,,0,0,,0
"SE-W2130",,"","",10,0,0,10,,7,0,"04/20/2023",0
"SE-W2136",,"","",8,0,0,8,,5,0,"09/09/2023",0
"SE-W2139",,"","",2,0,0,2,,0,0,,0
"SE-W2412",,"","",1,0,0,1,,1,0,"03/08/2024",0
"SE-W2415",,"","",5,0,0,5,,0,0,,0
"SE-W2418",,"","",5,0,0,5,,0,0,,0
"SE-W2421",,"","",4,0,0,4,,1,0,"05/22/2023",0
"SE-W2424",,"","",1,0,0,1,,5,0,"03/08/2024",0
"SE-W2430",,"","",18,0,0,18,,12,0,"10/08/2021",0
"SE-W2436",,"","",10,0,0,10,,2,0,"04/20/2023",0
"SE-W2439",,"","",14,0,0,14,,4,0,"01/28/2023",0
"SE-W2730",,"","",11,0,0,11,,7,0,"05/12/2023",0
"SE-W2736",,"","",16,0,0,16,,0,0,,0
"SE-W2739",,"","",9,0,0,9,,7,0,"02/23/2023",0
"SE-W3012",,"","",13,0,0,13,,6,0,"11/13/2023",0
"SE-W301224",,"","",4,0,0,4,,0,0,,0
"SE-W3015",,"","",13,0,0,13,,5,0,"02/17/2023",0
"SE-W301524",,"","",4,0,0,4,,0,0,,0
"SE-W3018",,"","",11,0,0,11,,9,0,"02/16/2023",0
"SE-W301824",,"","",6,0,0,6,,0,0,,0
"SE-W3021",,"","",14,0,0,14,,10,0,"11/13/2023",0
"SE-W302124",,"","",4,0,0,4,,4,0,"04/19/2023",0
"SE-W3024",,"","",6,0,0,6,,9,0,"02/11/2023",0
"SE-W302424",,"","",4,0,0,4,,0,0,,0
"SE-W3030",,"","",13,0,0,13,,14,0,"11/13/2023",0
"SE-W3036",,"","",5,0,0,5,,0,0,,0
"SE-W3039",,"","",15,0,0,15,,10,0,"02/24/2023",0
"SE-W3312",,"","",5,0,0,5,,0,0,,0
"SE-W331224",,"","",5,0,0,5,,0,0,,0
"SE-W3315",,"","",1,0,0,1,,0,0,,0
"SE-W331524",,"","",3,0,0,3,,0,0,,0
"SE-W3318",,"","",5,0,0,5,,0,0,,0
"SE-W331824",,"","",4,0,0,4,,0,0,,0
"SE-W3321",,"","",5,0,0,5,,0,0,,0
"SE-W332124",,"","",4,0,0,4,,0,0,,0
"SE-W3324",,"","",5,0,0,5,,2,0,"10/28/2021",0
"SE-W332424",,"","",4,0,0,4,,0,0,,0
"SE-W3330",,"","",7,0,0,7,,0,0,,0
"SE-W3336",,"","",6,0,0,6,,0,0,,0
"SE-W3339",,"","",7,0,0,7,,0,0,,0
"SE-W3612",,"","",3,0,0,3,,0,0,,0
"SE-W361224",,"","",5,0,0,5,,0,0,,0
"SE-W3615",,"","",4,0,0,4,,0,0,,0
"SE-W361524",,"","",1,0,0,1,,1,0,"03/08/2024",0
"SE-W3618",,"","",6,0,0,6,,2,0,"03/08/2024",0
"SE-W361824",,"","",9,0,0,9,,0,0,,0
"SE-W3621",,"","",4,0,0,4,,0,0,,0
"SE-W362124",,"","",7,0,0,7,,0,0,,0
"SE-W3624",,"","",0,0,0,0,,0,0,,0
"SE-W362424",,"","",2,0,0,2,,0,0,,0
"SE-W3630",,"","",9,0,0,9,,3,0,"10/08/2021",0
"SE-W3636",,"","",6,0,0,6,,0,0,,0
"SE-W3639",,"","",14,0,0,14,,0,0,,0
"SE-WBC2730",,"","",3,0,0,3,,1,0,"02/13/2023",0
"SE-WBC2736",,"","",4,0,0,4,,0,0,,0
"SE-WBC2739",,"","",3,0,0,3,,0,0,,0
"SE-WDC2430",,"","",8,0,0,8,,1,0,"11/13/2023",0
"SE-WDC2436",,"","",5,0,0,5,,0,0,,0
"SE-WDC2439",,"","",5,0,0,5,,0,0,,0
"SE-WEA1230",,"","",5,0,0,5,,0,0,,0
"SE-WEA1236",,"","",5,0,0,5,,0,0,,0
"SE-WEA1239",,"","",4,0,0,4,,0,0,,0
"SE-WES630",,"","",10,0,0,10,,0,0,,0
"SE-WES636",,"","",6,0,0,6,,0,0,,0
"SE-WES639",,"","",7,0,0,7,,0,0,,0
"SE-WES930",,"","",6,0,0,6,,0,0,,0
"SE-WES936",,"","",3,0,0,3,,0,0,,0
"SE-WES939",,"","",4,0,0,4,,0,0,,0
"SE-WF330",,"","",9,0,0,9,,6,0,"10/08/2021",0
"SE-WF336",,"","",15,0,0,15,,5,0,"04/20/2023",0
"SE-WF339",,"","",19,0,0,19,,0,0,,0
"SE-WF396",,"","",6,0,0,6,,5,0,"04/20/2023",0
"SE-WF630",,"","",20,0,0,20,,0,0,,0
"SE-WF636",,"","",17,0,0,17,,0,0,,0
"SE-WF639",,"","",23,0,0,23,,0,0,,0
"SE-WF696",,"","",32,0,0,32,,4,0,"01/28/2023",0
"SE-WFF330",,"","",0,0,0,0,,0,0,,0
"SE-WFF336",,"","",0,0,0,0,,0,0,,0
"SE-WFF339",,"","",0,0,0,0,,0,0,,0
"SE-WHF33308",,"","",0,0,0,0,,0,0,,0
"SE-WHF39308",,"","",0,0,0,0,,0,0,,0
"SE-WRC3018",,"","",5,0,0,5,,0,0,,0
"SE-WRP1230",,"","",10,0,0,10,,0,0,,0
"SE-WRP1236",,"","",10,0,0,10,,0,0,,0
"SE-WRP1239",,"","",10,0,0,10,,0,0,,0
"SG-B09",,"","",44,0,0,44,,9,0,"08/09/2023",0
"SG-B12",,"","",42,0,0,42,,16,0,"09/26/2023",0
"SG-B15",,"","",45,0,0,45,,28,0,"02/14/2023",7
"SG-B18",,"","",36,0,0,36,,7,0,"05/06/2023",0
"SG-B21",,"","",16,0,0,16,,10,0,"02/14/2023",0
"SG-B24",,"","",36,0,0,36,,43,0,"05/06/2023",0
"SG-B27",,"","",23,0,0,23,,29,0,"07/08/2023",0
"SG-B30",,"","",11,0,0,11,,73,0,"03/06/2023",0
"SG-B33",,"","",21,0,0,21,,5,0,"07/08/2023",0
"SG-B36",,"","",25,0,0,25,,15,0,"02/16/2023",0
"SG-BBC36",,"","",16,0,0,16,,5,0,"07/06/2023",0
"SG-BBC42",,"","",7,0,0,7,,0,0,,0
"SG-BBM",,"","",22,0,0,22,,13,0,"06/27/2023",0
"SG-BEA12-L",,"","",2,0,0,2,,1,0,"03/08/2024",0
"SG-BEA12-R",,"","",0,0,0,0,,4,0,"03/08/2024",0
"SG-BEA2424-L/R",,"","",3,0,0,3,,1,0,"03/08/2024",0
"SG-BEOS6",,"","",2,0,0,2,,1,0,"03/08/2024",0
"SG-BEOS9",,"","",1,0,0,1,,2,0,"03/08/2024",0
"SG-BF3",,"","",51,0,0,51,,48,0,"10/16/2023",0
"SG-BF6",,"","",2,0,0,2,,0,0,,0
"SG-BFF3",,"","",0,0,0,0,,0,0,,0
"SG-BMC30",,"","",8,0,0,8,,0,0,,0
"SG-BRP2430",,"","",23,0,0,23,,1,0,"01/24/2024",0
"SG-BSR9",,"","",15,0,0,15,,0,0,,0
"SG-CM2-C",,"","",156,0,0,156,,0,0,,0
"SG-CM2 3/4",,"","",-1,0,0,-1,,0,0,,0
"SG-CM8",,"","",75,0,0,75,,0,0,,0
"SG-CM8-S",,"","",25,0,0,25,,0,0,,0
"SG-DB12",,"","",5,0,0,5,,2,0,"08/09/2023",0
"SG-DB15",,"","",7,0,0,7,,1,0,"11/13/2023",0
"SG-DB18",,"","",14,0,0,14,,2,0,"08/09/2023",0
"SG-DB21",,"","",4,0,0,4,,0,0,,0
"SG-DB24",,"","",16,0,0,16,,0,0,,0
"SG-DB30",,"","",7,0,0,7,,3,0,"10/28/2021",0
"SG-DB36",,"","",3,0,0,3,,3,0,"09/09/2023",0
"SG-DDB30",,"","",0,0,0,0,,0,0,,0
"SG-DDB36",,"","",0,0,0,0,,0,0,,0
"SG-DWP",,"","",28,0,0,28,,48,0,"05/06/2023",0
"SG-FSB33",,"","",5,0,0,5,,0,0,,0
"SG-FSB39",,"","",0,0,0,0,,1,0,"05/06/2023",0
"SG-GW1530-BOX",,"","",3,0,0,3,,1,0,"03/08/2024",0
"SG-GW1530-GLASS DOOR",,"","",2,0,0,2,,2,0,"03/08/2024",0
"SG-GW1536-BOX",,"","",1,0,0,1,,0,0,,0
"SG-GW1536-GLASS DOOR",,"","",2,0,0,2,,1,0,"03/08/2024",0
"SG-GW1539-BOX",,"","",2,0,0,2,,0,0,,0
"SG-GW1539-GLASS DOOR",,"","",2,0,0,2,,2,0,"03/08/2024",0
"SG-GW1830-BOX",,"","",4,0,0,4,,0,0,,0
"SG-GW1830-GLASS DOOR",,"","",4,0,0,4,,0,0,,0
"SG-GW1836-BOX",,"","",1,0,0,1,,0,0,,0
"SG-GW1836-GLASS DOOR",,"","",3,0,0,3,,0,0,,0
"SG-GW1839-BOX",,"","",5,0,0,5,,0,0,,0
"SG-GW1839-GLASS DOOR",,"","",3,0,0,3,,1,0,"03/08/2024",0
"SG-GW2430-BOX",,"","",2,0,0,2,,2,0,"03/08/2024",0
"SG-GW2430-GLASS DOOR",,"","",2,0,0,2,,4,0,"03/08/2024",0
"SG-GW2436-BOX",,"","",2,0,0,2,,0,0,,0
"SG-GW2436-GLASS DOOR",,"","",2,0,0,2,,8,0,"06/29/2023",0
"SG-GW2439-BOX",,"","",1,0,0,1,,4,0,"08/09/2023",0
"SG-GW2439-GLASS DOOR",,"","",2,0,0,2,,10,0,"08/09/2023",0
"SG-GW3030-BOX",,"","",2,0,0,2,,2,0,"03/08/2024",0
"SG-GW3030-GLASS DOOR",,"","",8,0,0,8,,0,0,,0
"SG-GW3036-BOX",,"","",0,0,0,0,,0,0,,0
"SG-GW3036-GLASS DOOR",,"","",0,0,0,0,,0,0,,0
"SG-GW3039-BOX",,"","",1,0,0,1,,3,0,"03/08/2024",0
"SG-GW3039-GLASS DOOR",,"","",2,0,0,2,,5,0,"03/08/2024",0
"SG-GW3630-BOX",,"","",1,0,0,1,,0,0,,0
"SG-GW3630-GLASS DOOR",,"","",2,0,0,2,,5,0,"03/08/2024",0
"SG-GW3636-BOX",,"","",0,0,0,0,,0,0,,0
"SG-GW3636-GLASS DOOR",,"","",2,0,0,2,,2,0,"03/08/2024",0
"SG-GW3639-BOX",,"","",3,0,0,3,,1,0,"03/08/2024",0
"SG-GW3639-GLASS DOOR",,"","",7,0,0,7,,0,0,,0
"SG-GWDC2430-BOX",,"","",10,0,0,10,,0,0,,0
"SG-GWDC2430-GLASS DOOR",,"","",7,0,0,7,,0,0,,0
"SG-GWDC2436-BOX",,"","",3,0,0,3,,1,0,"03/08/2024",0
"SG-GWDC2436-GLASS DOOR",,"","",1,0,0,1,,2,0,"03/08/2024",7
"SG-GWDC2439-BOX",,"","",5,0,0,5,,2,0,"08/09/2023",0
"SG-GWDC2439-GLASS DOOR",,"","",5,0,0,5,,2,0,"08/09/2023",0
"SG-LM8",,"","",7,0,0,7,,0,0,,0
"SG-LSB33",,"","",15,0,0,15,,1,0,"08/09/2023",0
"SG-LSB36",,"","",19,0,0,19,,3,0,"05/06/2023",0
"SG-MWC2730",,"","",3,0,0,3,,1,0,"03/08/2024",0
"SG-MWC2736",,"","",2,0,0,2,,0,0,,0
"SG-MWC2739",,"","",2,0,0,2,,1,0,"03/08/2024",0
"SG-MWC3030",,"","",4,0,0,4,,1,0,"08/14/2023",0
"SG-MWC3036",,"","",3,0,0,3,,1,0,"03/08/2024",0
"SG-MWC3039",,"","",1,0,0,1,,3,0,"03/08/2024",0
"SG-OC3384",,"","",0,0,0,0,,0,0,,0
"SG-OC3390",,"","",0,0,0,0,,0,0,,0
"SG-OC3393",,"","",0,0,0,0,,0,0,,0
"SG-OCM8",,"","",18,0,0,18,,16,0,"07/08/2023",0
"SG-ONL-RB3*3",,"","",0,0,0,0,,0,0,,0
"SG-PC1884",,"","",6,0,0,6,,0,0,,0
"SG-PC1890",,"","",3,0,0,3,,0,0,,0
"SG-PC1893",,"","",4,0,0,4,,4,0,"08/09/2023",0
"SG-PC2484",,"","",5,0,0,5,,2,0,"12/08/2023",0
"SG-PC2490",,"","",6,0,0,6,,0,0,,0
"SG-PC2493",,"","",3,0,0,3,,2,0,"11/13/2023",0
"SG-PC3084",,"","",2,0,0,2,,1,0,"03/08/2024",0
"SG-PC3090",,"","",1,0,0,1,,0,0,,0
"SG-PC3093",,"","",0,0,0,0,,0,0,,0
"SG-PN4896",,"","",50,0,0,50,,6,0,"07/08/2023",0
"SG-PRC3018",,"","",1,0,0,1,,2,0,"03/08/2024",0
"SG-RC58",,"","",1,0,0,1,,1,0,"03/08/2024",0
"SG-REF2496",,"","",-2,0,0,-2,,86,0,"07/11/2023",0
"SG-REF3096",,"","",-5,0,0,-5,,4,0,"03/17/2023",0
"SG-ROT18",,"","",0,0,0,0,,0,0,,0
"SG-ROT24",,"","",0,0,0,0,,0,0,,0
"SG-ROT30",,"","",0,0,0,0,,0,0,,0
"SG-ROT33",,"","",0,0,0,0,,0,0,,0
"SG-ROT36",,"","",0,0,0,0,,0,0,,0
"SG-SAMPLE DOOR",,"","",151,0,0,151,,0,0,,0
"SG-SB27",,"","",3,0,0,3,,39,0,"04/26/2023",0
"SG-SB30",,"","",27,0,0,27,,91,0,"06/19/2023",0
"SG-SB33",,"","",14,0,0,14,,8,0,"02/15/2023",0
"SG-SB36",,"","",26,0,0,26,,31,0,"02/14/2023",0
"SG-SBA36",,"","",10,0,0,10,,6,0,"11/13/2023",0
"SG-SHG30",,"","",7,0,0,7,,0,0,,0
"SG-SM8",,"","",101,0,0,101,,5,0,"07/08/2023",0
"SG-SOB",,"","",0,0,0,0,,0,0,,0
"SG-SP3*34.5",,"","",8,0,0,8,,0,0,,0
"SG-TK8",,"","",75,0,0,75,,230,0,"03/17/2023",0
"SG-TOUCH UP",,"","",19,0,0,19,,0,0,,7
"SG-VA2421",,"","",35,0,0,35,,28,0,"11/13/2023",0
"SG-VA3021",,"","",5,0,0,5,,4,0,"04/06/2023",0
"SG-VA3621",,"","",3,0,0,3,,1,0,"03/08/2024",0
"SG-VAD3021-L",,"","",1,0,0,1,,3,0,"03/08/2024",0
"SG-VAD3021-R",,"","",2,0,0,2,,3,0,"06/20/2023",0
"SG-VAD3621-L",,"","",1,0,0,1,,0,0,,0
"SG-VAD3621-R",,"","",2,0,0,2,,2,0,"03/08/2024",0
"SG-VAD4821",,"","",2,0,0,2,,0,0,,0
"SG-VAS36",,"","",4,0,0,4,,3,0,"03/08/2024",0
"SG-VAS48",,"","",3,0,0,3,,6,0,"11/13/2023",0
"SG-VAS72",,"","",5,0,0,5,,0,0,,0
"SG-VDB12",,"","",4,0,0,4,,1,0,"06/20/2023",0
"SG-VDB15",,"","",2,0,0,2,,0,0,,0
"SG-W0930",,"","",11,0,0,11,,5,0,"10/07/2023",0
"SG-W0936",,"","",14,0,0,14,,4,0,"02/14/2023",0
"SG-W0939",,"","",7,0,0,7,,1,0,"08/09/2023",0
"SG-W1230",,"","",17,0,0,17,,16,0,"05/24/2023",0
"SG-W1236",,"","",10,0,0,10,,7,0,"02/14/2023",0
"SG-W1239",,"","",14,0,0,14,,5,0,"08/09/2023",0
"SG-W1530",,"","",36,0,0,36,,1,0,"01/12/2023",0
"SG-W1536",,"","",14,0,0,14,,2,0,"08/09/2023",0
"SG-W1539",,"","",17,0,0,17,,1,0,"08/09/2023",0
"SG-W1830",,"","",10,0,0,10,,8,0,"08/09/2023",0
"SG-W1836",,"","",10,0,0,10,,1,0,"08/09/2023",0
"SG-W1839",,"","",10,0,0,10,,4,0,"03/08/2024",0
"SG-W2130",,"","",19,0,0,19,,2,0,"05/06/2023",0
"SG-W2136",,"","",17,0,0,17,,3,0,"02/14/2023",0
"SG-W2139",,"","",7,0,0,7,,11,0,"11/13/2023",0
"SG-W2412",,"","",2,0,0,2,,2,0,"03/08/2024",0
"SG-W2415",,"","",0,0,0,0,,2,0,"03/07/2024",0
"SG-W2418",,"","",6,0,0,6,,6,0,"03/27/2023",0
"SG-W2421",,"","",6,0,0,6,,8,0,"07/06/2023",0
"SG-W2424",,"","",11,0,0,11,,2,0,"12/08/2023",0
"SG-W2430",,"","",62,0,0,62,,11,0,"10/28/2021",0
"SG-W2436",,"","",19,0,0,19,,2,0,"07/06/2023",0
"SG-W2439",,"","",19,0,0,19,,21,0,"10/28/2021",0
"SG-W2730",,"","",20,0,0,20,,2,0,"02/17/2023",0
"SG-W2736",,"","",11,0,0,11,,0,0,,0
"SG-W2739",,"","",11,0,0,11,,12,0,"07/06/2023",7
"SG-W3012",,"","",16,0,0,16,,23,0,"11/13/2023",0
"SG-W301224",,"","",4,0,0,4,,0,0,,0
"SG-W3015",,"","",34,0,0,34,,44,0,"11/13/2023",0
"SG-W301524",,"","",0,0,0,0,,3,0,"03/07/2024",0
"SG-W3018",,"","",59,0,0,59,,5,0,"05/06/2023",0
"SG-W301824",,"","",2,0,0,2,,3,0,"07/06/2023",0
"SG-W3021",,"","",14,0,0,14,,11,0,"09/26/2023",0
"SG-W302124",,"","",8,0,0,8,,0,0,,0
"SG-W3024",,"","",24,0,0,24,,25,0,"02/14/2023",0
"SG-W302424",,"","",5,0,0,5,,0,0,,0
"SG-W3030",,"","",0,0,0,0,,63,0,"02/16/2023",0
"SG-W3036",,"","",7,0,0,7,,9,0,"02/14/2023",0
"SG-W3039",,"","",7,0,0,7,,37,0,"08/09/2023",0
"SG-W3312",,"","",4,0,0,4,,0,0,,0
"SG-W331224",,"","",2,0,0,2,,0,0,,0
"SG-W3315",,"","",4,0,0,4,,0,0,,0
"SG-W331524",,"","",6,0,0,6,,0,0,,0
"SG-W3318",,"","",3,0,0,3,,1,0,"03/08/2024",0
"SG-W331824",,"","",6,0,0,6,,0,0,,0
"SG-W3321",,"","",4,0,0,4,,0,0,,0
"SG-W332124",,"","",5,0,0,5,,0,0,,0
"SG-W3324",,"","",7,0,0,7,,0,0,,0
"SG-W332424",,"","",2,0,0,2,,1,0,"03/08/2024",0
"SG-W3330",,"","",10,0,0,10,,6,0,"10/07/2023",0
"SG-W3336",,"","",9,0,0,9,,4,0,"11/13/2023",0
"SG-W3339",,"","",6,0,0,6,,25,0,"10/28/2021",0
"SG-W3612",,"","",12,0,0,12,,0,0,,0
"SG-W361224",,"","",9,0,0,9,,0,0,,0
"SG-W3615",,"","",7,0,0,7,,0,0,,0
"SG-W361524",,"","",6,0,0,6,,0,0,,0
"SG-W3618",,"","",6,0,0,6,,0,0,,0
"SG-W361824",,"","",14,0,0,14,,1,0,"08/09/2023",0
"SG-W3621",,"","",6,0,0,6,,1,0,"10/16/2023",0
"SG-W362124",,"","",6,0,0,6,,6,0,"08/09/2023",0
"SG-W3624",,"","",7,0,0,7,,0,0,,0
"SG-W362424",,"","",3,0,0,3,,1,0,"09/09/2023",0
"SG-W3630",,"","",5,0,0,5,,16,0,"05/06/2023",0
"SG-W3636",,"","",12,0,0,12,,1,0,"08/09/2023",0
"SG-W3639",,"","",9,0,0,9,,6,0,"07/06/2023",0
"SG-WBC2730",,"","",1,0,0,1,,1,0,"02/22/2023",0
"SG-WBC2736",,"","",0,0,0,0,,1,0,"08/09/2023",0
"SG-WBC2739",,"","",5,0,0,5,,14,0,"07/06/2023",0
"SG-WDC2430",,"","",19,0,0,19,,1,0,"03/06/2023",0
"SG-WDC2436",,"","",9,0,0,9,,0,0,,0
"SG-WDC2439",,"","",13,0,0,13,,2,0,"08/09/2023",0
"SG-WEA1230",,"","",2,0,0,2,,0,0,,0
"SG-WEA1236",,"","",2,0,0,2,,0,0,,0
"SG-WEA1239",,"","",0,0,0,0,,3,0,"03/08/2024",0
"SG-WES630",,"","",2,0,0,2,,2,0,"03/08/2024",0
"SG-WES636",,"","",1,0,0,1,,0,0,,0
"SG-WES639",,"","",1,0,0,1,,4,0,"08/09/2023",0
"SG-WES930",,"","",4,0,0,4,,0,0,,0
"SG-WES936",,"","",1,0,0,1,,3,0,"03/08/2024",0
"SG-WES939",,"","",2,0,0,2,,2,0,"12/05/2023",0
"SG-WF330",,"","",129,0,0,129,,0,0,,0
"SG-WF336",,"","",30,0,0,30,,7,0,"04/07/2023",0
"SG-WF339",,"","",62,0,0,62,,32,0,"10/28/2021",0
"SG-WF396",,"","",37,0,0,37,,1,0,"09/26/2023",0
"SG-WF630",,"","",43,0,0,43,,0,0,,0
"SG-WF636",,"","",24,0,0,24,,3,0,"05/19/2023",0
"SG-WF639",,"","",32,0,0,32,,3,0,"05/19/2023",0
"SG-WF696",,"","",12,0,0,12,,4,0,"04/19/2023",0
"SG-WFF330",,"","",0,0,0,0,,0,0,,0
"SG-WFF336",,"","",0,0,0,0,,0,0,,0
"SG-WFF339",,"","",0,0,0,0,,0,0,,0
"SG-WHF33308",,"","",0,0,0,0,,0,0,,0
"SG-WHF39308",,"","",0,0,0,0,,0,0,,0
"SG-WRC3018",,"","",6,0,0,6,,0,0,,0
"SG-WRP1230",,"","",4,0,0,4,,10,0,"03/08/2024",0
"SG-WRP1236",,"","",11,0,0,11,,0,0,,0
"SG-WRP1239",,"","",7,0,0,7,,0,0,,0
"SHELF",,"","",-8,0,0,-8,,0,0,,0
"Sink-206-8247A",,"","",0,0,0,0,,0,0,,0
"Sink-301-5945A",,"","",0,0,0,0,,0,0,,0
"Sink-301-5945B",,"","",0,0,0,0,,0,0,,0
"Sink-307-6054A",,"","",0,0,0,0,,0,0,,0
"Sink-307-6054B",,"","",0,0,0,0,,0,0,,0
"Sink-309-7247A",,"","",0,0,0,0,,0,0,,0
"SINK-4742A",,"","",0,0,0,0,,0,0,,0
"SINK-6356A (25"" * 22"" )",,"","",0,0,0,0,,0,0,,0
"SINK-8456A (33"" * 22"" )",,"","",2,0,0,2,,0,0,,0
"Sink-905-8153A",,"","",0,0,0,0,,0,0,,0
"Sink-907-7553A",,"","",0,0,0,0,,0,0,,0
"Sink-Basin-1512W-2209",,"","",0,0,0,0,,0,0,,0
"Sink-Basin-1611W",,"","",0,0,0,0,,0,0,,0
"Sink-Basin-1714W-2210",,"","",0,0,0,0,,0,0,,0
"Sink-Basin-1813W",,"","",1,0,0,1,,0,0,,0
"Sink-HM2920",,"","",0,0,0,0,,0,0,,0
"Sink-HM3018A",,"","",0,0,0,0,,0,0,,0
"Sink-HM3219A",,"","",0,0,0,0,,0,0,,0
"Sink-HM3219B",,"","",0,0,0,0,,0,0,,0
"Sink-HM3520",,"","",0,0,0,0,,0,0,,0
"Sink-Strainer",,"","",0,0,0,0,,0,0,,0
"Waste Bin- DM17KIT (WASTE CONTAINER DOOR MOUNT KIT DM17KIT)",,"","",64,0,0,64,,370,0,"01/12/2023",7
"Waste Bin-RV-18KD-17CS (18' Double Waste Bin  RV-18KD-17CS)",,"","",22,0,0,22,,375,0,"10/12/2022",0
"Waste Bin - RV-15KD-17CS (15' Double Waste Bin RV-15KD-17CS)",,"","",29,0,0,29,,30,0,"01/12/2023",7
"Waste Bin RV-12KD-17CS (15"" Single Waste Bin RV-12KD-17CS)",,"","",0,0,0,0,,0,0,,0
"Waste Bin RV-8PB-CRS (12""  Single Waste Bin - RV-8PB-CRS)",,"","",9,0,0,9,,0,0,,0
"WS-B09",,"","",0,0,0,0,,0,0,,0
"WS-B12",,"","",0,0,0,0,,0,0,,0
"WS-B15",,"","",0,0,0,0,,0,0,,0
"WS-B18",,"","",0,0,0,0,,0,0,,0
"WS-B21",,"","",0,0,0,0,,0,0,,0
"WS-B24",,"","",0,0,0,0,,0,0,,0
"WS-B27",,"","",0,0,0,0,,0,0,,0
"WS-B30",,"","",0,0,0,0,,0,0,,0
"WS-B33",,"","",0,0,0,0,,0,0,,0
"WS-B36",,"","",0,0,0,0,,0,0,,0
"WS-B96 SHELF",,"","",0,0,0,0,,0,0,,0
"WS-BBC36",,"","",0,0,0,0,,0,0,,0
"WS-BBC42",,"","",0,0,0,0,,0,0,,0
"WS-BEA12-L",,"","",0,0,0,0,,0,0,,0
"WS-BEA12-R",,"","",0,0,0,0,,0,0,,0
"WS-BEOS12-L",,"","",0,0,0,0,,0,0,,0
"WS-BEOS12-R",,"","",0,0,0,0,,0,0,,0
"WS-BEOS6-L",,"","",0,0,0,0,,0,0,,0
"WS-BEOS6-R",,"","",0,0,0,0,,0,0,,0
"WS-BEOS9-L",,"","",0,0,0,0,,0,0,,0
"WS-BEOS9-R",,"","",0,0,0,0,,0,0,,0
"WS-BF3",,"","",1,0,0,1,,0,0,,0
"WS-BF6",,"","",5,0,0,5,,0,0,,0
"WS-BRP2430",,"","",0,0,0,0,,0,0,,0
"WS-BSR09",,"","",0,0,0,0,,0,0,,0
"WS-CM8",,"","",12,0,0,12,,0,0,,0
"WS-DB12",,"","",0,0,0,0,,0,0,,0
"WS-DB15",,"","",3,0,0,3,,0,0,,0
"WS-DB18",,"","",0,0,0,0,,0,0,,0
"WS-DB21",,"","",0,0,0,0,,0,0,,0
"WS-DB24",,"","",0,0,0,0,,0,0,,0
"WS-DWP",,"","",17,0,0,17,,0,0,,0
"WS-GW1530-BOX",,"","",0,0,0,0,,0,0,,0
"WS-GW1530-GLASS DOOR",,"","",0,0,0,0,,0,0,,0
"WS-GW1539-BOX",,"","",0,0,0,0,,0,0,,0
"WS-GW1539-GLASS DOOR",,"","",0,0,0,0,,0,0,,0
"WS-GW1830-BOX",,"","",0,0,0,0,,0,0,,0
"WS-GW1830-GLASS DOOR",,"","",0,0,0,0,,0,0,,0
"WS-GW1839-BOX",,"","",0,0,0,0,,0,0,,0
"WS-GW1839-GLASS DOOR",,"","",0,0,0,0,,0,0,,0
"WS-GW2430-BOX",,"","",0,0,0,0,,0,0,,0
"WS-GW2430-GLASS DOOR",,"","",3,0,0,3,,0,0,,0
"WS-GW2439-BOX",,"","",0,0,0,0,,0,0,,0
"WS-GW2439-GLASS DOOR",,"","",0,0,0,0,,0,0,,0
"WS-GW3030-BOX",,"","",0,0,0,0,,0,0,,0
"WS-GW3030-GLASS DOOR",,"","",0,0,0,0,,0,0,,0
"WS-GW3039-BOX",,"","",0,0,0,0,,0,0,,0
"WS-GW3039-GLASS DOOR",,"","",0,0,0,0,,0,0,,0
"WS-GW3330-BOX",,"","",0,0,0,0,,0,0,,0
"WS-GW3330-GLASS DOOR",,"","",0,0,0,0,,0,0,,0
"WS-GW3630-BOX",,"","",0,0,0,0,,0,0,,0
"WS-GW3630-GLASS DOOR",,"","",0,0,0,0,,0,0,,0
"WS-GW3639-BOX",,"","",0,0,0,0,,0,0,,0
"WS-GW3639-GLASS DOOR",,"","",0,0,0,0,,0,0,,0
"WS-GWDC2430-BOX",,"","",0,0,0,0,,0,0,,0
"WS-GWDC2430-GLASS DOOR",,"","",0,0,0,0,,0,0,,0
"WS-GWDC2439-BOX",,"","",0,0,0,0,,0,0,,0
"WS-GWDC2439-GLASS DOOR",,"","",0,0,0,0,,0,0,,0
"WS-LDR8",,"","",1,0,0,1,,0,0,,0
"WS-LSB33",,"","",0,0,0,0,,0,0,,0
"WS-LSB36",,"","",0,0,0,0,,0,0,,0
"WS-MWC2730",,"","",0,0,0,0,,0,0,,0
"WS-MWC2739",,"","",1,0,0,1,,0,0,,0
"WS-MWC3030",,"","",0,0,0,0,,0,0,,0
"WS-MWC3039",,"","",0,0,0,0,,0,0,,0
"WS-OCM8",,"","",12,0,0,12,,0,0,,0
"WS-PC1584",,"","",0,0,0,0,,0,0,,0
"WS-PC1593",,"","",0,0,0,0,,0,0,,0
"WS-PC1884",,"","",0,0,0,0,,0,0,,0
"WS-PC1893",,"","",0,0,0,0,,0,0,,0
"WS-PC2484",,"","",0,0,0,0,,0,0,,0
"WS-PC2493",,"","",0,0,0,0,,0,0,,0
"WS-PN1230",,"","",0,0,0,0,,0,0,,0
"WS-PN1239",,"","",0,0,0,0,,0,0,,0
"WS-PN2430",,"","",0,0,0,0,,0,0,,0
"WS-PN2484",,"","",0,0,0,0,,0,0,,0
"WS-PN2493",,"","",0,0,0,0,,0,0,,0
"WS-PN4896",,"","",0,0,0,0,,0,0,,0
"WS-PRC3018",,"","",0,0,0,0,,0,0,,0
"WS-REF2496",,"","",5,0,0,5,,0,0,,0
"WS-ROT15",,"","",0,0,0,0,,0,0,,0
"WS-ROT18",,"","",5,0,0,5,,0,0,,0
"WS-ROT24",,"","",2,0,0,2,,0,0,,0
"WS-ROT30",,"","",0,0,0,0,,0,0,,0
"WS-SAMPLE DOOR",,"","",0,0,0,0,,0,0,,0
"WS-SB24",,"","",0,0,0,0,,0,0,,0
"WS-SB27",,"","",0,0,0,0,,0,0,,0
"WS-SB30",,"","",0,0,0,0,,0,0,,0
"WS-SB33",,"","",0,0,0,0,,0,0,,0
"WS-SB36",,"","",0,0,0,0,,0,0,,0
"WS-SBA36",,"","",0,0,0,0,,0,0,,0
"WS-SHG30",,"","",0,0,0,0,,0,0,,0
"WS-SM8",,"","",3,0,0,3,,0,0,,0
"WS-TK8",,"","",89,0,0,89,,0,0,,0
"WS-TOUCH UP",,"","",16,0,0,16,,0,0,,0
"WS-VA2421",,"","",0,0,0,0,,0,0,,0
"WS-VA3021",,"","",0,0,0,0,,0,0,,0
"WS-VA3621",,"","",0,0,0,0,,0,0,,0
"WS-VAD3021-L",,"","",0,0,0,0,,0,0,,0
"WS-VAD3021-R",,"","",0,0,0,0,,0,0,,0
"WS-VAD3621-L",,"","",0,0,0,0,,0,0,,0
"WS-VAD3621-R",,"","",0,0,0,0,,0,0,,0
"WS-VAD4821",,"","",0,0,0,0,,0,0,,0
"WS-VAS36",,"","",8,0,0,8,,0,0,,0
"WS-VAS48",,"","",0,0,0,0,,0,0,,0
"WS-VAS72",,"","",3,0,0,3,,0,0,,0
"WS-W0930",,"","",0,0,0,0,,0,0,,0
"WS-W0939",,"","",0,0,0,0,,0,0,,0
"WS-W1230",,"","",0,0,0,0,,0,0,,0
"WS-W1239",,"","",0,0,0,0,,0,0,,0
"WS-W1530",,"","",0,0,0,0,,0,0,,0
"WS-W1539",,"","",0,0,0,0,,0,0,,0
"WS-W1830",,"","",0,0,0,0,,0,0,,0
"WS-W1839",,"","",0,0,0,0,,0,0,,0
"WS-W2130",,"","",0,0,0,0,,0,0,,0
"WS-W2139",,"","",0,0,0,0,,0,0,,0
"WS-W2412",,"","",0,0,0,0,,0,0,,0
"WS-W2415",,"","",0,0,0,0,,0,0,,0
"WS-W2418",,"","",0,0,0,0,,0,0,,0
"WS-W2421",,"","",0,0,0,0,,0,0,,0
"WS-W2424",,"","",0,0,0,0,,0,0,,0
"WS-W2430",,"","",0,0,0,0,,0,0,,0
"WS-W2439",,"","",0,0,0,0,,0,0,,0
"WS-W2730",,"","",0,0,0,0,,0,0,,0
"WS-W2739",,"","",-2,0,0,-2,,0,0,,0
"WS-W3012",,"","",0,0,0,0,,0,0,,0
"WS-W301224",,"","",0,0,0,0,,0,0,,0
"WS-W3015",,"","",0,0,0,0,,0,0,,0
"WS-W301524",,"","",0,0,0,0,,0,0,,0
"WS-W3018",,"","",0,0,0,0,,0,0,,0
"WS-W301824",,"","",0,0,0,0,,0,0,,0
"WS-W3021",,"","",0,0,0,0,,0,0,,0
"WS-W302124",,"","",0,0,0,0,,0,0,,0
"WS-W3024",,"","",0,0,0,0,,0,0,,0
"WS-W302424",,"","",0,0,0,0,,0,0,,0
"WS-W3030",,"","",0,0,0,0,,0,0,,0
"WS-W3039",,"","",0,0,0,0,,0,0,,0
"WS-W3312",,"","",0,0,0,0,,0,0,,0
"WS-W331224",,"","",0,0,0,0,,0,0,,0
"WS-W3315",,"","",0,0,0,0,,0,0,,0
"WS-W331524",,"","",0,0,0,0,,0,0,,0
"WS-W3318",,"","",0,0,0,0,,0,0,,0
"WS-W331824",,"","",0,0,0,0,,0,0,,0
"WS-W3321",,"","",0,0,0,0,,0,0,,0
"WS-W332124",,"","",0,0,0,0,,0,0,,0
"WS-W3324",,"","",0,0,0,0,,0,0,,0
"WS-W332424",,"","",0,0,0,0,,0,0,,0
"WS-W3330",,"","",0,0,0,0,,0,0,,0
"WS-W3339",,"","",0,0,0,0,,0,0,,0
"WS-W3612",,"","",0,0,0,0,,0,0,,0
"WS-W361224",,"","",0,0,0,0,,0,0,,0
"WS-W3615",,"","",0,0,0,0,,0,0,,0
"WS-W361524",,"","",0,0,0,0,,0,0,,0
"WS-W3618",,"","",0,0,0,0,,0,0,,0
"WS-W361824",,"","",0,0,0,0,,0,0,,0
"WS-W3621",,"","",0,0,0,0,,0,0,,0
"WS-W362124",,"","",0,0,0,0,,0,0,,0
"WS-W3624",,"","",0,0,0,0,,0,0,,0
"WS-W362424",,"","",0,0,0,0,,0,0,,0
"WS-W3630",,"","",0,0,0,0,,0,0,,0
"WS-W3639",,"","",0,0,0,0,,0,0,,0
"WS-WBC2730",,"","",0,0,0,0,,0,0,,0
"WS-WBC2739",,"","",0,0,0,0,,0,0,,0
"WS-WDC2430",,"","",0,0,0,0,,0,0,,0
"WS-WDC2439",,"","",0,0,0,0,,0,0,,0
"WS-WEA1230",,"","",0,0,0,0,,0,0,,0
"WS-WEA1239",,"","",0,0,0,0,,0,0,,0
"WS-WEOS1230",,"","",0,0,0,0,,0,0,,0
"WS-WEOS1239",,"","",0,0,0,0,,0,0,,0
"WS-WEOS630",,"","",0,0,0,0,,0,0,,0
"WS-WEOS639",,"","",0,0,0,0,,0,0,,0
"WS-WEOS930",,"","",0,0,0,0,,0,0,,0
"WS-WEOS939",,"","",0,0,0,0,,0,0,,0
"WS-WF330",,"","",6,0,0,6,,0,0,,0
"WS-WF339",,"","",14,0,0,14,,0,0,,0
"WS-WF396",,"","",0,0,0,0,,0,0,,0
"WS-WF630",,"","",3,0,0,3,,0,0,,0
"WS-WF639",,"","",1,0,0,1,,0,0,,0
"WS-WF696",,"","",4,0,0,4,,0,0,,0
"WS-WRC3018",,"","",0,0,0,0,,0,0,,0
"WS-WRP1230",,"","",5,0,0,5,,0,0,,0
"WS-WRP1239",,"","",0,0,0,0,,0,0,,0
